com.samsung.shealth.activity.day_summary,6196009,2
step_count,active_time,target,others_time,update_time,create_time,goal,longest_active_time,score,distance,calorie,extra_data,deviceuuid,run_time,pkg_name,walk_time,longest_idle_time,datauuid,day_time
1112,741704,90,0,2021-07-31 15:51:12.796,2021-07-08 05:57:49.772,60,60000,13,864.1305,38.45599,6b0f3446-8cc8-4dfb-b2ef-9bd9fdc396be.extra_data.json,QyB8D3zs1J,0,com.sec.android.app.shealth,741704,55680000,6b0f3446-8cc8-4dfb-b2ef-9bd9fdc396be,1625702400000,
0,0,,0,2021-07-08 05:57:50.260,2021-07-08 05:57:50.260,-1,0,0,0.0,0.0,70682718-6616-4d12-8ea9-42f5c884ddab.extra_data.json,QyB8D3zs1J,0,com.sec.android.app.shealth,0,-1,70682718-6616-4d12-8ea9-42f5c884ddab,1623369600000,
0,0,,0,2021-07-08 05:57:50.750,2021-07-08 05:57:50.750,-1,0,0,0.0,0.0,e0ca9448-00e3-4b93-898a-ff8da541909d.extra_data.json,QyB8D3zs1J,0,com.sec.android.app.shealth,0,-1,e0ca9448-00e3-4b93-898a-ff8da541909d,1623542400000,
0,0,,0,2021-07-08 05:57:51.135,2021-07-08 05:57:51.135,-1,0,0,0.0,0.0,69b34e6f-f073-4b50-ba05-f089570a5cf0.extra_data.json,QyB8D3zs1J,0,com.sec.android.app.shealth,0,-1,69b34e6f-f073-4b50-ba05-f089570a5cf0,1623801600000,
0,0,,0,2021-07-08 05:57:50.612,2021-07-08 05:57:50.612,-1,0,0,0.0,0.0,ba42de24-0cf2-45fc-8c11-40b119386153.extra_data.json,QyB8D3zs1J,0,com.sec.android.app.shealth,0,-1,ba42de24-0cf2-45fc-8c11-40b119386153,1623456000000,
0,0,,0,2021-07-08 05:57:51.509,2021-07-08 05:57:51.509,-1,0,0,0.0,0.0,ed69aca0-37d2-48ae-9ec6-a7fa6c656b49.extra_data.json,QyB8D3zs1J,0,com.sec.android.app.shealth,0,-1,ed69aca0-37d2-48ae-9ec6-a7fa6c656b49,1624060800000,
0,0,,0,2021-07-08 05:57:51.331,2021-07-08 05:57:51.331,-1,0,0,0.0,0.0,07ffdf0f-e9b3-45c9-a6ae-a5775c6e2cbb.extra_data.json,QyB8D3zs1J,0,com.sec.android.app.shealth,0,-1,07ffdf0f-e9b3-45c9-a6ae-a5775c6e2cbb,1623888000000,
0,0,,0,2021-07-08 05:57:50.903,2021-07-08 05:57:50.903,-1,0,0,0.0,0.0,8d690ac7-3b42-4412-98e0-1c8cd82dd49f.extra_data.json,QyB8D3zs1J,0,com.sec.android.app.shealth,0,-1,8d690ac7-3b42-4412-98e0-1c8cd82dd49f,1623628800000,
0,0,,0,2021-07-08 05:57:51.809,2021-07-08 05:57:51.809,-1,0,0,0.0,0.0,b4aca033-491a-4e15-8b51-8de525ff69f2.extra_data.json,QyB8D3zs1J,0,com.sec.android.app.shealth,0,-1,b4aca033-491a-4e15-8b51-8de525ff69f2,1624320000000,
0,0,,0,2021-07-08 05:57:52.110,2021-07-08 05:57:52.110,-1,0,0,0.0,0.0,1857c2cd-3014-410f-825e-6f3bde2621b2.extra_data.json,QyB8D3zs1J,0,com.sec.android.app.shealth,0,-1,1857c2cd-3014-410f-825e-6f3bde2621b2,1624579200000,
0,0,,0,2021-07-08 05:57:51.438,2021-07-08 05:57:51.438,-1,0,0,0.0,0.0,1c1f8e45-c5c6-4099-9424-8a0aecd7699b.extra_data.json,QyB8D3zs1J,0,com.sec.android.app.shealth,0,-1,1c1f8e45-c5c6-4099-9424-8a0aecd7699b,1623974400000,
0,0,,0,2021-07-08 05:57:51.601,2021-07-08 05:57:51.601,-1,0,0,0.0,0.0,14e66829-28a4-4924-989c-9cdd6027ef66.extra_data.json,QyB8D3zs1J,0,com.sec.android.app.shealth,0,-1,14e66829-28a4-4924-989c-9cdd6027ef66,1624147200000,
0,0,,0,2021-07-08 05:57:51.928,2021-07-08 05:57:51.928,-1,0,0,0.0,0.0,f116da49-9917-4ce7-96e8-df94139bd892.extra_data.json,QyB8D3zs1J,0,com.sec.android.app.shealth,0,-1,f116da49-9917-4ce7-96e8-df94139bd892,1624406400000,
0,0,,0,2021-07-08 05:57:52.396,2021-07-08 05:57:52.396,-1,0,0,0.0,0.0,7cb50eea-59f8-4f8d-9f06-b20acf69ecb7.extra_data.json,QyB8D3zs1J,0,com.sec.android.app.shealth,0,-1,7cb50eea-59f8-4f8d-9f06-b20acf69ecb7,1624838400000,
0,0,,0,2021-07-08 05:57:52.689,2021-07-08 05:57:52.689,-1,0,0,0.0,0.0,1b369065-ad13-4576-a4c9-e37ddb45980f.extra_data.json,QyB8D3zs1J,0,com.sec.android.app.shealth,0,-1,1b369065-ad13-4576-a4c9-e37ddb45980f,1625184000000,
0,0,,0,2021-07-08 05:57:52.200,2021-07-08 05:57:52.200,-1,0,0,0.0,0.0,0e2095db-4ab8-4b59-8610-7451e0490869.extra_data.json,QyB8D3zs1J,0,com.sec.android.app.shealth,0,-1,0e2095db-4ab8-4b59-8610-7451e0490869,1624665600000,
0,0,,0,2021-07-08 05:57:52.013,2021-07-08 05:57:52.013,-1,0,0,0.0,0.0,338a5448-2236-4422-a4e2-8c4c250fa06b.extra_data.json,QyB8D3zs1J,0,com.sec.android.app.shealth,0,-1,338a5448-2236-4422-a4e2-8c4c250fa06b,1624492800000,
0,0,,0,2021-07-08 05:58:02.577,2021-07-08 05:58:02.577,-1,0,0,0.0,0.0,37038be8-674c-4c91-9c5a-49bbd2d1bd22.extra_data.json,QyB8D3zs1J,0,com.sec.android.app.shealth,0,-1,37038be8-674c-4c91-9c5a-49bbd2d1bd22,1625097600000,
0,0,,0,2021-07-08 05:57:52.873,2021-07-08 05:57:52.873,-1,0,0,0.0,0.0,8ca458e3-2c8d-4c0b-b373-c699dfea5ab6.extra_data.json,QyB8D3zs1J,0,com.sec.android.app.shealth,0,-1,8ca458e3-2c8d-4c0b-b373-c699dfea5ab6,1625443200000,
0,0,,0,2021-07-08 05:57:52.453,2021-07-08 05:57:52.453,-1,0,0,0.0,0.0,775609b3-56ee-432c-abfe-8bb175b95b2c.extra_data.json,QyB8D3zs1J,0,com.sec.android.app.shealth,0,-1,775609b3-56ee-432c-abfe-8bb175b95b2c,1624924800000,
0,0,,0,2021-07-08 05:57:52.504,2021-07-08 05:57:52.504,-1,0,0,0.0,0.0,94572ad8-89f8-4449-ba18-cfbad9479fd2.extra_data.json,QyB8D3zs1J,0,com.sec.android.app.shealth,0,-1,94572ad8-89f8-4449-ba18-cfbad9479fd2,1625011200000,
0,0,,0,2021-07-08 05:57:52.751,2021-07-08 05:57:52.751,-1,0,0,0.0,0.0,81acda19-62fe-4f53-85a2-8e041cc05db5.extra_data.json,QyB8D3zs1J,0,com.sec.android.app.shealth,0,-1,81acda19-62fe-4f53-85a2-8e041cc05db5,1625270400000,
0,0,,0,2021-07-08 05:57:52.937,2021-07-08 05:57:52.937,-1,0,0,0.0,0.0,b30b79de-c6bf-4040-91dd-f836a8bedbbf.extra_data.json,QyB8D3zs1J,0,com.sec.android.app.shealth,0,-1,b30b79de-c6bf-4040-91dd-f836a8bedbbf,1625529600000,
0,0,,0,2021-07-08 05:57:53.017,2021-07-08 05:57:53.017,-1,0,0,0.0,0.0,abcf7d87-522e-4085-b5d4-40c57d8485cb.extra_data.json,QyB8D3zs1J,0,com.sec.android.app.shealth,0,-1,abcf7d87-522e-4085-b5d4-40c57d8485cb,1625616000000,
4791,6267036,90,3700000,2021-07-31 15:51:13.158,2021-07-09 15:00:00.589,60,1357000,114,3111.9868,411.74866,9485b994-8add-4294-b50c-489cf0b88f72.extra_data.json,QyB8D3zs1J,11200,com.sec.android.app.shealth,2555836,19140000,9485b994-8add-4294-b50c-489cf0b88f72,1625875200000,
5380,4175473,90,910000,2021-08-08 14:44:02.808,2021-07-12 15:00:00.434,60,910000,76,3958.962,246.87354,43498392-b518-4c4e-83cf-f837e4069d54.extra_data.json,QyB8D3zs1J,7900,com.sec.android.app.shealth,3257573,14280000,43498392-b518-4c4e-83cf-f837e4069d54,1626134400000,
0,0,,0,2021-07-08 05:58:04.654,2021-07-08 05:58:04.654,-1,0,0,0.0,0.0,0ef4ad50-e0a5-4a9e-8250-d49f127f0a1a.extra_data.json,QyB8D3zs1J,0,com.sec.android.app.shealth,0,-1,0ef4ad50-e0a5-4a9e-8250-d49f127f0a1a,1625097600000,
2060,1293354,90,0,2021-07-31 15:51:13.779,2021-07-15 15:00:00.527,60,60000,23,1650.856,69.98807,b0c0f000-69ba-4532-9f2f-5e7a7d00b20c.extra_data.json,QyB8D3zs1J,4800,com.sec.android.app.shealth,1288554,15960000,b0c0f000-69ba-4532-9f2f-5e7a7d00b20c,1626393600000,
2942,1754321,90,0,2021-08-15 14:11:02.651,2021-07-18 15:00:01.192,60,240000,32,2305.419,102.16193,e1951411-61cd-4cfe-8fe4-92bbf49bf7a7.extra_data.json,QyB8D3zs1J,10073,com.sec.android.app.shealth,1744248,14820000,e1951411-61cd-4cfe-8fe4-92bbf49bf7a7,1626652800000,
1551,969031,90,0,2021-07-31 15:51:13.345,2021-07-11 15:00:00.490,60,240000,17,1222.1064,54.095444,5d19559d-ea4e-4b33-9e85-f71cc6d20f76.extra_data.json,QyB8D3zs1J,2961,com.sec.android.app.shealth,966070,19080000,5d19559d-ea4e-4b33-9e85-f71cc6d20f76,1626048000000,
3999,2334886,90,0,2021-07-31 15:51:13.268,2021-07-10 15:00:00.413,60,120000,42,3189.4055,138.68623,6470b8d8-3c65-44b1-b8df-bc6d0d3d7a14.extra_data.json,QyB8D3zs1J,22000,com.sec.android.app.shealth,2312886,13320000,6470b8d8-3c65-44b1-b8df-bc6d0d3d7a14,1625961600000,
1864,1219214,90,0,2021-08-13 06:43:04.216,2021-07-17 15:00:00.327,60,60000,22,1448.1191,65.41438,e2d29a10-8d7c-414d-b955-9084cf9e573c.extra_data.json,QyB8D3zs1J,4000,com.sec.android.app.shealth,1215214,10260000,e2d29a10-8d7c-414d-b955-9084cf9e573c,1626566400000,
3599,2214080,90,0,2021-07-31 15:51:14.383,2021-07-21 15:00:00.542,60,240000,40,2798.8174,125.150604,a075b5b0-f1e0-4c24-8ec8-703c1154e830.extra_data.json,QyB8D3zs1J,0,com.sec.android.app.shealth,2214080,20339999,a075b5b0-f1e0-4c24-8ec8-703c1154e830,1626912000000,
2457,1507937,90,0,2021-07-31 15:51:14.610,2021-07-24 15:00:00.682,60,120000,27,1917.7158,85.28351,521d4cbd-ea7a-4d3c-96cd-507375ae7c27.extra_data.json,QyB8D3zs1J,0,com.sec.android.app.shealth,1507937,13500000,521d4cbd-ea7a-4d3c-96cd-507375ae7c27,1627171200000,
2396,2373766,90,968000,2021-08-13 06:43:04.144,2021-07-16 15:00:00.543,60,968000,43,1666.796,148.94037,02cf1dd4-1e52-4d35-8549-412db31566b0.extra_data.json,QyB8D3zs1J,22286,com.sec.android.app.shealth,1383480,20340000,02cf1dd4-1e52-4d35-8549-412db31566b0,1626480000000,
1227,789024,90,0,2021-07-31 15:51:13.578,2021-07-13 15:00:00.503,60,60000,13,994.93933,42.184948,c379725c-d929-4f76-bc9c-f17b910c7bc9.extra_data.json,QyB8D3zs1J,14000,com.sec.android.app.shealth,775024,18299999,c379725c-d929-4f76-bc9c-f17b910c7bc9,1626220800000,
4077,2613599,90,0,2021-07-31 15:51:15.004,2021-07-30 15:00:01.234,60,60000,47,3180.8438,140.4715,8c4adc9b-9122-47f6-a6c2-94b3db39d5e5.extra_data.json,QyB8D3zs1J,1200,com.sec.android.app.shealth,2612399,15300000,8c4adc9b-9122-47f6-a6c2-94b3db39d5e5,1627689600000,
2515,1599953,90,0,2021-07-31 15:51:14.807,2021-07-27 15:30:41.402,60,120000,28,1925.0527,87.24902,7a9a08e4-2bae-49dc-b2fb-e41825415a4c.extra_data.json,QyB8D3zs1J,0,com.sec.android.app.shealth,1599953,17820000,7a9a08e4-2bae-49dc-b2fb-e41825415a4c,1627430400000,
2567,1671678,90,0,2021-07-31 15:51:14.454,2021-07-22 15:00:01.023,60,60000,30,1996.9043,88.74341,784dc764-1ebb-4579-9a7e-bbfecca334ad.extra_data.json,QyB8D3zs1J,1600,com.sec.android.app.shealth,1670078,20639999,784dc764-1ebb-4579-9a7e-bbfecca334ad,1626998400000,
1848,1206704,90,0,2021-07-31 15:51:14.542,2021-07-23 15:00:00.828,60,60000,22,1448.6348,64.23065,6af96ebf-036f-4242-8d8b-ef3c9a6b233f.extra_data.json,QyB8D3zs1J,4800,com.sec.android.app.shealth,1201904,9720000,6af96ebf-036f-4242-8d8b-ef3c9a6b233f,1627084800000,
1353,902451,90,0,2021-07-31 15:51:14.202,2021-07-19 15:00:00.752,60,45356,16,1037.0396,47.871124,b37c4533-dd70-49f7-8dad-29c7f3acf9ec.extra_data.json,QyB8D3zs1J,0,com.sec.android.app.shealth,902451,16980000,b37c4533-dd70-49f7-8dad-29c7f3acf9ec,1626739200000,
1693,1040735,90,0,2021-07-31 15:51:14.865,2021-07-28 15:00:00.719,60,120000,18,1343.248,57.71222,996a1998-3cb7-4dc5-9b7a-a3e441d559e9.extra_data.json,QyB8D3zs1J,10400,com.sec.android.app.shealth,1030335,20340000,996a1998-3cb7-4dc5-9b7a-a3e441d559e9,1627516800000,
2946,2541999,90,724000,2021-08-30 08:33:04.239,2021-08-02 15:00:00.634,-1,724000,46,2298.5317,152.96066,5aecdaa2-d572-4da3-b5b9-25eb0be1ea3e.extra_data.json,QyB8D3zs1J,7641,com.sec.android.app.shealth,1810358,16680000,5aecdaa2-d572-4da3-b5b9-25eb0be1ea3e,1627948800000,
1732,3910715,90,0,2021-08-25 01:39:24.674,2021-07-29 15:00:01.063,60,2847000,72,1471.5078,62.044556,376c2282-f6d3-4616-a3c0-fd2e087b2a5a.extra_data.json,QyB8D3zs1J,0,com.sec.android.app.shealth,3910715,21300000,376c2282-f6d3-4616-a3c0-fd2e087b2a5a,1627603200000,
2971,2600638,90,963000,2021-08-06 14:48:35.891,2021-08-05 15:00:00.624,-1,963000,47,2311.4941,173.077,4015925e-cd5d-474b-b569-3a0f1950081d.extra_data.json,QyB8D3zs1J,14400,com.sec.android.app.shealth,1623238,8400000,4015925e-cd5d-474b-b569-3a0f1950081d,1628208000000,
311,207437,90,0,2021-07-31 15:51:14.659,2021-07-25 15:11:19.984,60,20677,3,238.67383,11.269043,28ca413c-7afb-4011-954f-1d3b566a88a1.extra_data.json,QyB8D3zs1J,0,com.sec.android.app.shealth,207437,13740000,28ca413c-7afb-4011-954f-1d3b566a88a1,1627257600000,
0,0,,0,2021-07-08 05:57:51.022,2021-07-08 05:57:51.022,-1,0,0,0.0,0.0,6f42257d-e7af-4a1b-8608-75d6e2d5aa7f.extra_data.json,QyB8D3zs1J,0,com.sec.android.app.shealth,0,-1,6f42257d-e7af-4a1b-8608-75d6e2d5aa7f,1623715200000,
1272,605516,90,0,2021-08-09 13:04:01.129,2021-08-08 15:00:00.541,-1,240000,11,1030.4872,38.927757,e576ebcf-f2b1-4a81-b4d2-13fef104d00b.extra_data.json,QyB8D3zs1J,0,com.sec.android.app.shealth,605516,29280000,e576ebcf-f2b1-4a81-b4d2-13fef104d00b,1628467200000,
848,563585,90,0,2021-08-04 14:23:03.227,2021-08-03 15:00:01.043,-1,60000,10,671.09937,29.166245,64b41165-fc9c-4209-9fc2-bb52611de498.extra_data.json,QyB8D3zs1J,0,com.sec.android.app.shealth,563585,19020000,64b41165-fc9c-4209-9fc2-bb52611de498,1628035200000,
4492,2779499,90,0,2021-08-05 12:33:02.633,2021-08-04 15:00:00.684,-1,240000,51,3523.407,156.64546,4f41a885-02fc-4c64-9a85-63d9aca556bc.extra_data.json,QyB8D3zs1J,7200,com.sec.android.app.shealth,2772299,11940000,4f41a885-02fc-4c64-9a85-63d9aca556bc,1628121600000,
3875,3195533,90,786000,2021-08-12 14:17:02.049,2021-08-11 15:00:00.560,-1,786000,57,2974.6592,152.31674,531923dd-ae56-4108-95ee-0b7bc81de09c.extra_data.json,QyB8D3zs1J,36987,com.sec.android.app.shealth,2372546,9060000,531923dd-ae56-4108-95ee-0b7bc81de09c,1628726400000,
1146,750207,90,0,2021-08-01 13:02:48.931,2021-07-31 15:45:40.370,-1,60000,13,901.01697,40.684864,dedd8eeb-65ed-41f7-b118-26c3a9d8332c.extra_data.json,QyB8D3zs1J,9200,com.sec.android.app.shealth,741007,16080000,dedd8eeb-65ed-41f7-b118-26c3a9d8332c,1627776000000,
0,0,,0,2021-07-08 05:57:51.701,2021-07-08 05:57:51.701,-1,0,0,0.0,0.0,d0edbb91-2b69-47ea-815a-56d944baa4ef.extra_data.json,QyB8D3zs1J,0,com.sec.android.app.shealth,0,-1,d0edbb91-2b69-47ea-815a-56d944baa4ef,1624233600000,
1048,676945,90,0,2021-08-18 14:43:01.528,2021-08-17 15:00:01.720,-1,60000,12,841.13794,33.497757,f500446a-1894-4def-8e6b-5dfdc10171cf.extra_data.json,QyB8D3zs1J,0,com.sec.android.app.shealth,676945,19260000,f500446a-1894-4def-8e6b-5dfdc10171cf,1629244800000,
0,0,,0,2021-07-08 05:57:52.322,2021-07-08 05:57:52.322,-1,0,0,0.0,0.0,a574425d-b85d-4f40-9208-a608306399c9.extra_data.json,QyB8D3zs1J,0,com.sec.android.app.shealth,0,-1,a574425d-b85d-4f40-9208-a608306399c9,1624752000000,
1728,1135204,90,0,2021-09-02 18:04:02.706,2021-08-06 15:00:00.638,-1,60000,20,1335.1316,60.555527,cc3fbe0b-cbca-42dd-8513-9591410c4cc2.extra_data.json,QyB8D3zs1J,0,com.sec.android.app.shealth,1135204,17880000,cc3fbe0b-cbca-42dd-8513-9591410c4cc2,1628294400000,
3169,2678219,90,790000,2021-08-10 14:23:00.727,2021-08-09 15:00:12.391,-1,790000,47,2444.6233,114.55958,6a80cab3-420e-43af-a6d0-1973f067b94f.extra_data.json,QyB8D3zs1J,32400,com.sec.android.app.shealth,1855819,15660000,6a80cab3-420e-43af-a6d0-1973f067b94f,1628553600000,
2652,2677313,90,1165000,2021-08-11 15:00:00.652,2021-08-10 15:27:01.645,-1,1165000,48,1899.6206,120.66797,15c2321e-b8d0-4cd7-a4d9-58ae4fde7d10.extra_data.json,QyB8D3zs1J,37253,com.sec.android.app.shealth,1475060,11580000,15c2321e-b8d0-4cd7-a4d9-58ae4fde7d10,1628640000000,
4501,2955279,90,0,2021-08-15 14:59:01.201,2021-08-14 15:00:00.450,-1,60000,54,3512.7861,141.9478,4ec2303d-4577-4067-91ca-22888c2a1aa8.extra_data.json,QyB8D3zs1J,9200,com.sec.android.app.shealth,2946079,9480000,4ec2303d-4577-4067-91ca-22888c2a1aa8,1628985600000,
0,0,,0,2021-07-08 05:57:52.820,2021-07-08 05:57:52.820,-1,0,0,0.0,0.0,a7d34532-1716-4411-be79-674a4a760eb7.extra_data.json,QyB8D3zs1J,0,com.sec.android.app.shealth,0,-1,a7d34532-1716-4411-be79-674a4a760eb7,1625356800000,
1948,1264542,90,0,2021-08-16 15:01:01.963,2021-08-15 15:00:00.457,-1,60000,23,1545.8306,50.23801,09ce1007-e4e9-4db1-b37b-1ea204226178.extra_data.json,QyB8D3zs1J,0,com.sec.android.app.shealth,1264542,15420000,09ce1007-e4e9-4db1-b37b-1ea204226178,1629072000000,
3777,4758434,90,2768000,2021-08-17 14:28:05.536,2021-08-16 15:00:01.647,-1,1005000,86,2542.419,280.65875,daea251a-a751-4b95-9fca-43ec29ebc447.extra_data.json,QyB8D3zs1J,18800,com.sec.android.app.shealth,1971634,12540000,daea251a-a751-4b95-9fca-43ec29ebc447,1629158400000,
3192,2012093,90,0,2021-08-24 14:21:33.488,2021-08-23 15:00:00.553,-1,60000,36,2536.3032,79.07701,a9de0ab7-c965-4bbf-a4b2-afe969cdaa0f.extra_data.json,QyB8D3zs1J,72000,com.sec.android.app.shealth,1940093,12900000,a9de0ab7-c965-4bbf-a4b2-afe969cdaa0f,1629763200000,
2869,3503497,90,1944000,2021-08-13 14:29:03.920,2021-08-12 15:00:00.658,-1,1015000,63,2098.0947,224.63979,47603f7b-a082-4295-a751-eca82a36e19e.extra_data.json,QyB8D3zs1J,10853,com.sec.android.app.shealth,1548644,9720000,47603f7b-a082-4295-a751-eca82a36e19e,1628812800000,
3362,4437940,90,2398000,2021-08-25 01:39:26.324,2021-08-20 15:00:00.602,-1,2398000,81,2535.801,227.08485,9dc4606e-51ee-4edd-a771-ab2c45a0a58e.extra_data.json,QyB8D3zs1J,58012,com.sec.android.app.shealth,1981928,20280000,9dc4606e-51ee-4edd-a771-ab2c45a0a58e,1629504000000,
3350,3904045,90,1884000,2021-08-30 15:01:02.793,2021-08-29 15:00:00.425,-1,1884000,71,2576.4912,214.83089,ba914b44-9eee-4e56-8310-b5dbed685ed8.extra_data.json,QyB8D3zs1J,400,com.sec.android.app.shealth,2019645,18000000,ba914b44-9eee-4e56-8310-b5dbed685ed8,1630281600000,
1521,3236349,90,2358000,2021-08-25 01:39:26.409,2021-08-21 15:00:00.652,-1,1598000,58,1062.6858,200.33623,d97737d1-f797-4b0d-836c-f977ed94d0f6.extra_data.json,QyB8D3zs1J,0,com.sec.android.app.shealth,878349,35520000,d97737d1-f797-4b0d-836c-f977ed94d0f6,1629590400000,
4485,3719776,90,976000,2021-08-27 14:58:00.387,2021-08-26 15:00:00.485,-1,976000,67,3409.3677,166.98837,a8cec880-fc52-4f48-9259-5bd367c49c16.extra_data.json,QyB8D3zs1J,43466,com.sec.android.app.shealth,2700310,13920000,a8cec880-fc52-4f48-9259-5bd367c49c16,1630022400000,
1036,646263,90,0,2021-09-05 14:30:59.826,2021-09-04 15:37:27.964,-1,60000,11,809.69305,23.674103,a81997d3-7286-4c51-babf-f32d4e80dea5.extra_data.json,QyB8D3zs1J,0,com.sec.android.app.shealth,646263,20760000,a81997d3-7286-4c51-babf-f32d4e80dea5,1630800000000,
3405,2078694,90,0,2021-09-01 15:00:00.853,2021-09-01 15:00:00.853,-1,240000,37,2657.1838,55.147552,6e358482-4ded-4f3c-aa9a-2ab30ace3eb5.extra_data.json,QyB8D3zs1J,30000,com.sec.android.app.shealth,2048694,20520000,6e358482-4ded-4f3c-aa9a-2ab30ace3eb5,1630454400000,
3729,3786552,90,1641000,2021-08-28 14:37:03.446,2021-08-27 17:25:32.085,-1,919000,68,2577.3232,226.7527,7fcf2dd5-0520-40ff-82b3-797043291078.extra_data.json,QyB8D3zs1J,29827,com.sec.android.app.shealth,2115725,10440000,7fcf2dd5-0520-40ff-82b3-797043291078,1630108800000,
1439,2119509,90,1227000,2021-08-04 23:40:01.641,2021-07-08 15:00:00.365,60,1227000,37,1038.2976,143.69751,5700bd5a-e3cd-4a5b-9a3e-ee91df07b6a9.extra_data.json,QyB8D3zs1J,4400,com.sec.android.app.shealth,888109,13560000,5700bd5a-e3cd-4a5b-9a3e-ee91df07b6a9,1625788800000,
767,489428,90,0,2021-08-23 15:01:06.817,2021-08-22 15:00:00.736,-1,31349,7,631.7068,30.132977,a56ab779-d8f5-4325-bf22-7399ce9349c0.extra_data.json,QyB8D3zs1J,33200,com.sec.android.app.shealth,456228,18480000,a56ab779-d8f5-4325-bf22-7399ce9349c0,1629676800000,
592,394864,90,0,2021-08-19 13:37:00.423,2021-08-18 15:00:00.968,-1,38686,6,463.26038,16.98919,3a030140-a35f-4af7-b69e-f3586ec61f6b.extra_data.json,QyB8D3zs1J,0,com.sec.android.app.shealth,394864,16380000,3a030140-a35f-4af7-b69e-f3586ec61f6b,1629331200000,
3788,4424326,90,2165000,2021-09-11 14:41:03.032,2021-09-10 15:27:35.139,-1,1357000,80,2727.0437,241.26729,16ce965b-6f2f-4dd4-b077-b63effafe978.extra_data.json,QyB8D3zs1J,46400,com.sec.android.app.shealth,2212926,9840000,16ce965b-6f2f-4dd4-b077-b63effafe978,1631318400000,
2921,3415440,90,1699000,2021-09-08 14:34:17.372,2021-09-07 15:00:00.464,-1,885000,61,2109.9353,186.69975,5d43f023-08c8-41ce-97d5-9e72184011ee.extra_data.json,QyB8D3zs1J,36560,com.sec.android.app.shealth,1679880,17640000,5d43f023-08c8-41ce-97d5-9e72184011ee,1631059200000,
6797,4136338,90,0,2021-08-10 05:31:03.010,2021-07-14 15:00:00.526,60,360000,75,5330.5312,235.18376,3eaa5aa1-5f1d-41ec-9442-42ba0b37f315.extra_data.json,QyB8D3zs1J,5600,com.sec.android.app.shealth,4130738,18480000,3eaa5aa1-5f1d-41ec-9442-42ba0b37f315,1626307200000,
2095,2474317,90,1242000,2021-08-29 14:50:01.664,2021-08-28 15:16:33.618,-1,1242000,44,1445.5173,126.886314,0b543edb-b3e5-4c1c-851e-9a2aced02bf0.extra_data.json,QyB8D3zs1J,3600,com.sec.android.app.shealth,1228717,15900000,0b543edb-b3e5-4c1c-851e-9a2aced02bf0,1630195200000,
1369,883685,90,0,2021-09-17 09:13:12.067,2021-09-16 15:00:00.785,-1,120000,15,1054.3057,4.4300385,e49bc880-258a-4eff-aaa4-9cffe101c640.extra_data.json,QyB8D3zs1J,0,com.sec.android.app.shealth,883685,29580000,e49bc880-258a-4eff-aaa4-9cffe101c640,1631836800000,
2764,2685713,90,1037000,2021-08-25 14:35:04.119,2021-08-24 15:00:00.944,-1,1037000,47,2036.1615,134.44858,da01c231-d243-4944-83b5-86ddc7d7f5be.extra_data.json,QyB8D3zs1J,40800,com.sec.android.app.shealth,1607913,16560000,da01c231-d243-4944-83b5-86ddc7d7f5be,1629849600000,
2614,1650925,90,0,2021-09-14 14:56:41.444,2021-09-13 15:00:00.576,-1,120000,30,2016.1887,8.48252,5ee10c13-395d-45cd-ba8b-e3058cc6a1bc.extra_data.json,QyB8D3zs1J,400,com.sec.android.app.shealth,1650525,14400000,5ee10c13-395d-45cd-ba8b-e3058cc6a1bc,1631577600000,
790,526900,90,0,2021-09-23 15:00:00.874,2021-09-22 15:00:00.681,-1,60000,8,602.76465,2.5713844,eed93442-03d2-495e-b2c2-f20ae3d6152a.extra_data.json,QyB8D3zs1J,0,com.sec.android.app.shealth,526900,18959999,eed93442-03d2-495e-b2c2-f20ae3d6152a,1632355200000,
1336,860941,90,0,2021-09-04 13:20:01.506,2021-09-03 15:00:01.231,-1,60000,14,1071.9371,38.168022,57828429-3bb1-47d6-bf17-64ce2707ebf0.extra_data.json,QyB8D3zs1J,45200,com.sec.android.app.shealth,815741,15840000,57828429-3bb1-47d6-bf17-64ce2707ebf0,1630713600000,
1556,1017347,90,0,2021-09-20 14:29:43.017,2021-09-19 15:00:01.198,-1,60000,17,1200.54,5.2253532,2e8e0ed6-419d-4ea0-b3d9-c3f8468f01a8.extra_data.json,QyB8D3zs1J,9600,com.sec.android.app.shealth,1007747,26100000,2e8e0ed6-419d-4ea0-b3d9-c3f8468f01a8,1632096000000,
2813,3725171,90,2125000,2021-08-31 14:52:02.107,2021-08-30 15:00:00.480,-1,1300000,67,1963.569,218.06035,c3821b4d-d7f8-4056-8d4d-852d5960dadc.extra_data.json,QyB8D3zs1J,47520,com.sec.android.app.shealth,1552651,17400000,c3821b4d-d7f8-4056-8d4d-852d5960dadc,1630368000000,
2436,1610076,90,0,2021-07-31 15:51:14.305,2021-07-20 15:00:00.450,60,60000,28,1884.6934,84.63797,4dee107f-de8b-431e-934e-c3f2d87b76eb.extra_data.json,QyB8D3zs1J,4000,com.sec.android.app.shealth,1606076,20640000,4dee107f-de8b-431e-934e-c3f2d87b76eb,1626825600000,
479,309080,90,0,2021-09-29 09:53:47.660,2021-09-28 15:00:01.436,-1,46023,4,381.1289,1.724678,4527a620-219c-4a21-8ef2-cb759977f9af.extra_data.json,QyB8D3zs1J,15600,com.sec.android.app.shealth,293480,30840000,4527a620-219c-4a21-8ef2-cb759977f9af,1632873600000,
1306,846010,90,0,2021-09-03 12:54:19.022,2021-09-02 15:00:01.661,-1,60000,15,1056.8013,42.923546,0274ee96-0513-44f3-89e5-eaa46abb2468.extra_data.json,QyB8D3zs1J,0,com.sec.android.app.shealth,846010,18180000,0274ee96-0513-44f3-89e5-eaa46abb2468,1630627200000,
2485,2790521,90,1391000,2021-08-23 08:07:02.841,2021-07-26 15:00:00.702,60,1391000,51,1825.7793,179.42151,3cf5f6dc-5f0a-47b3-b223-9fb9c827aacd.extra_data.json,QyB8D3zs1J,10400,com.sec.android.app.shealth,1389121,13320000,3cf5f6dc-5f0a-47b3-b223-9fb9c827aacd,1627344000000,
1561,1033153,90,0,2021-09-26 12:48:03.321,2021-09-25 15:00:00.585,-1,60000,18,1194.8223,5.0813293,0c5a532c-b326-4b2d-85d4-099849602085.extra_data.json,QyB8D3zs1J,0,com.sec.android.app.shealth,1033153,18840000,0c5a532c-b326-4b2d-85d4-099849602085,1632614400000,
2429,2614473,90,1169000,2021-09-10 15:27:35.354,2021-09-09 15:00:00.441,-1,1169000,47,1758.1321,155.16359,ef855181-f268-4e23-8d29-c512953f7d6c.extra_data.json,QyB8D3zs1J,32160,com.sec.android.app.shealth,1413313,16979999,ef855181-f268-4e23-8d29-c512953f7d6c,1631232000000,
1691,968304,90,0,2021-09-06 14:35:01.293,2021-09-05 15:00:00.461,-1,120000,17,1372.6665,52.200756,cfdbd558-c7bd-47c9-bc6b-ec1ff9c80b54.extra_data.json,QyB8D3zs1J,0,com.sec.android.app.shealth,968304,9360000,cfdbd558-c7bd-47c9-bc6b-ec1ff9c80b54,1630886400000,
709,467537,90,0,2021-10-05 15:00:00.876,2021-10-04 15:00:01.353,-1,60000,7,538.6848,2.3069086,f78bf1c4-8a9b-46b5-a466-a95677037b67.extra_data.json,QyB8D3zs1J,0,com.sec.android.app.shealth,467537,20159999,f78bf1c4-8a9b-46b5-a466-a95677037b67,1633392000000,
2909,4647125,90,3201000,2021-09-09 14:42:02.751,2021-09-08 15:00:00.791,-1,1256000,85,1785.737,310.28366,664239c4-47bc-4d0e-83bc-5139bd75f91e.extra_data.json,QyB8D3zs1J,44294,com.sec.android.app.shealth,1401831,6480000,664239c4-47bc-4d0e-83bc-5139bd75f91e,1631145600000,
117,78039,90,0,2021-09-16 10:15:04.200,2021-09-15 15:00:00.937,-1,20010,1,87.293945,0.38490486,4b9e31e9-1b41-431f-897e-6c0f39c855ce.extra_data.json,QyB8D3zs1J,0,com.sec.android.app.shealth,78039,32520000,4b9e31e9-1b41-431f-897e-6c0f39c855ce,1631750400000,
924,592873,90,0,2021-10-02 09:27:01.707,2021-10-01 15:00:00.834,-1,120000,10,707.6655,3.0034246,b3f45150-c162-41e4-9e4d-ed28f51aa4fe.extra_data.json,QyB8D3zs1J,0,com.sec.android.app.shealth,592873,40560000,b3f45150-c162-41e4-9e4d-ed28f51aa4fe,1633132800000,
2388,2463633,90,1079000,2021-09-12 10:59:01.646,2021-09-11 15:00:00.512,-1,1090000,44,1715.9458,132.94681,269a2630-3b5a-4ab9-ba5b-e0e91a547151.extra_data.json,QyB8D3zs1J,9200,com.sec.android.app.shealth,1375433,23940000,269a2630-3b5a-4ab9-ba5b-e0e91a547151,1631404800000,
632,404142,90,0,2021-08-02 13:22:02.038,2021-08-01 15:00:00.509,-1,60000,6,508.453,21.037718,d1ddb47f-2d3b-4922-bf36-0cd4f7b3c689.extra_data.json,QyB8D3zs1J,0,com.sec.android.app.shealth,404142,39600000,d1ddb47f-2d3b-4922-bf36-0cd4f7b3c689,1627862400000,
1348,868344,90,0,2021-10-11 09:51:25.126,2021-10-10 15:00:01.133,-1,60000,15,1031.5117,6.0888786,a73d4b83-a821-4418-97d6-a60f0bf9ef83.extra_data.json,QyB8D3zs1J,0,com.sec.android.app.shealth,868344,23280000,a73d4b83-a821-4418-97d6-a60f0bf9ef83,1633910400000,
633,414814,90,0,2021-09-15 10:01:02.093,2021-09-14 15:00:00.891,-1,120000,6,482.1831,2.05686,a982246d-8c18-4dba-adc5-afb17d46fe8b.extra_data.json,QyB8D3zs1J,0,com.sec.android.app.shealth,414814,37800000,a982246d-8c18-4dba-adc5-afb17d46fe8b,1631664000000,
1899,1240454,90,0,2021-08-08 15:12:02.475,2021-08-07 15:00:00.492,-1,60000,22,1450.0752,67.05434,9c4939d7-6bbd-414c-a6dd-92a085b08012.extra_data.json,QyB8D3zs1J,5200,com.sec.android.app.shealth,1235254,27480000,9c4939d7-6bbd-414c-a6dd-92a085b08012,1628380800000,
2531,1664772,90,0,2021-10-08 13:57:16.725,2021-10-07 15:00:00.552,-1,120000,30,1943.0146,8.249712,7b3533e2-6a08-49ed-b4bc-8b759ff8768c.extra_data.json,QyB8D3zs1J,0,com.sec.android.app.shealth,1664772,18720000,7b3533e2-6a08-49ed-b4bc-8b759ff8768c,1633651200000,
3436,2095466,90,0,2021-09-22 15:00:00.776,2021-09-21 15:52:19.459,-1,300000,37,2657.3994,11.248428,d0018e08-9e4b-4a4f-9f18-570094065f23.extra_data.json,QyB8D3zs1J,9600,com.sec.android.app.shealth,2085866,22739999,d0018e08-9e4b-4a4f-9f18-570094065f23,1632268800000,
1099,701624,90,0,2021-09-18 13:06:36.512,2021-09-17 15:00:00.757,-1,180000,12,841.5156,3.5763168,41b98d81-f143-44df-8600-7fb711de5a94.extra_data.json,QyB8D3zs1J,0,com.sec.android.app.shealth,701624,27540000,41b98d81-f143-44df-8600-7fb711de5a94,1631923200000,
3024,2989092,90,1085000,2021-10-17 14:29:39.649,2021-10-16 15:00:00.574,-1,1085000,54,2286.4636,130.24998,5609ed91-6ee5-47d4-ad63-85ee3183ac62.extra_data.json,QyB8D3zs1J,26000,com.sec.android.app.shealth,1878092,35040000,5609ed91-6ee5-47d4-ad63-85ee3183ac62,1634428800000,
3574,2250855,90,0,2021-09-24 12:13:44.620,2021-09-23 15:00:00.715,-1,240000,41,2741.0566,11.594376,71a90233-7623-4283-ad4f-b47cc3281ff5.extra_data.json,QyB8D3zs1J,0,com.sec.android.app.shealth,2250855,20400000,71a90233-7623-4283-ad4f-b47cc3281ff5,1632441600000,
3124,3293292,90,1427000,2021-08-14 14:39:01.923,2021-08-13 15:00:00.778,-1,1427000,60,2370.5513,188.45088,692ccd63-d7d9-4753-84b0-3f3afd70815c.extra_data.json,QyB8D3zs1J,34800,com.sec.android.app.shealth,1831492,11880000,692ccd63-d7d9-4753-84b0-3f3afd70815c,1628899200000,
2723,1682777,90,0,2021-09-28 13:40:22.314,2021-09-27 15:00:00.591,-1,300000,31,2104.629,8.849548,f62d86ef-466e-4928-80d1-25e40ea8babd.extra_data.json,QyB8D3zs1J,1600,com.sec.android.app.shealth,1681177,23160000,f62d86ef-466e-4928-80d1-25e40ea8babd,1632787200000,
4682,3073444,90,0,2021-10-14 14:59:02.171,2021-10-13 15:00:00.534,-1,60000,56,3649.7761,124.7528,8b9a0828-eb5e-4017-a64f-22e324f8a5c1.extra_data.json,QyB8D3zs1J,4000,com.sec.android.app.shealth,3069444,12720000,8b9a0828-eb5e-4017-a64f-22e324f8a5c1,1634169600000,
1916,1193556,90,0,2021-09-30 14:48:00.885,2021-09-29 15:00:00.578,-1,240000,21,1468.1884,6.2546864,928005f2-fad0-41e5-ae57-97c8167fdc9c.extra_data.json,QyB8D3zs1J,1200,com.sec.android.app.shealth,1192356,44220000,928005f2-fad0-41e5-ae57-97c8167fdc9c,1632960000000,
118,78706,90,0,2021-10-04 11:28:03.995,2021-10-03 15:00:00.747,-1,24679,1,87.99609,0.3875141,9d37fd44-ca0e-4c36-b670-284b4f7f0814.extra_data.json,QyB8D3zs1J,0,com.sec.android.app.shealth,78706,45000000,9d37fd44-ca0e-4c36-b670-284b4f7f0814,1633305600000,
1193,794129,90,0,2021-08-20 14:56:00.695,2021-08-19 15:00:00.802,-1,52026,14,918.9785,26.358662,ca8c8c7c-f1d7-446b-973d-b84ac5a5d30f.extra_data.json,QyB8D3zs1J,2400,com.sec.android.app.shealth,791729,21420000,ca8c8c7c-f1d7-446b-973d-b84ac5a5d30f,1629417600000,
6179,4690871,90,801000,2021-10-20 13:59:02.444,2021-10-19 15:00:00.601,-1,801000,85,4689.645,208.03879,000ce1a0-e9eb-43ec-a575-0118f94e9d9a.extra_data.json,QyB8D3zs1J,89600,com.sec.android.app.shealth,3800271,23760000,000ce1a0-e9eb-43ec-a575-0118f94e9d9a,1634688000000,
4570,4912697,90,2222000,2021-10-23 14:25:09.129,2021-10-22 15:00:00.527,-1,1313000,90,3369.728,265.4912,46fe5858-24d1-410e-a57a-3f8f5b5d1b20.extra_data.json,QyB8D3zs1J,61600,com.sec.android.app.shealth,2629097,12360000,46fe5858-24d1-410e-a57a-3f8f5b5d1b20,1634947200000,
797,512863,90,0,2021-10-29 07:03:57.287,2021-10-28 15:00:00.935,-1,60000,8,620.9697,2.5787315,6e1efa95-b7d7-47b6-98ef-eaca6a2c3ddc.extra_data.json,QyB8D3zs1J,0,com.sec.android.app.shealth,512863,36660000,6e1efa95-b7d7-47b6-98ef-eaca6a2c3ddc,1635465600000,
2004,1289191,90,0,2021-10-10 14:25:01.609,2021-10-09 15:00:00.515,-1,60000,23,1549.3687,33.814476,117eef55-ead2-4f48-ac8c-b4749f517c3e.extra_data.json,QyB8D3zs1J,0,com.sec.android.app.shealth,1289191,33780000,117eef55-ead2-4f48-ac8c-b4749f517c3e,1633824000000,
746,497582,90,0,2021-10-06 15:00:00.637,2021-10-05 15:00:00.757,-1,60000,8,569.9707,2.4253101,4a91cd51-c94e-4803-b39c-b48b258217c5.extra_data.json,QyB8D3zs1J,0,com.sec.android.app.shealth,497582,20399999,4a91cd51-c94e-4803-b39c-b48b258217c5,1633478400000,
3277,2092113,90,0,2021-10-30 04:56:37.900,2021-10-25 16:28:48.822,-1,60000,37,2588.5388,81.1802,34cf94a3-9aba-4e4b-947a-72e0225ff949.extra_data.json,QyB8D3zs1J,85200,com.sec.android.app.shealth,2006913,18480000,34cf94a3-9aba-4e4b-947a-72e0225ff949,1635206400000,
2229,2444052,90,1051000,2021-08-26 14:58:01.886,2021-08-25 15:00:00.495,-1,1051000,43,1668.3824,124.47428,3b3e6940-7014-4282-a7a0-4d38c5e3e17b.extra_data.json,QyB8D3zs1J,18400,com.sec.android.app.shealth,1374652,9780000,3b3e6940-7014-4282-a7a0-4d38c5e3e17b,1629936000000,
162,108054,90,0,2021-09-21 12:07:15.857,2021-09-20 15:46:40.436,-1,26680,1,122.95508,0.52676773,3afec202-81b4-4b9c-9847-33620b0bb4fe.extra_data.json,QyB8D3zs1J,0,com.sec.android.app.shealth,108054,34740000,3afec202-81b4-4b9c-9847-33620b0bb4fe,1632182400000,
1194,777025,90,0,2021-10-16 13:18:42.963,2021-10-15 15:00:01.088,-1,60000,13,912.39746,3.8879175,a34985b2-f392-45fc-8d7b-fe0f885653b1.extra_data.json,QyB8D3zs1J,0,com.sec.android.app.shealth,777025,21060000,a34985b2-f392-45fc-8d7b-fe0f885653b1,1634342400000,
2286,1465278,90,0,2021-11-04 11:06:05.604,2021-11-03 15:00:01.283,-1,120000,26,1759.7285,7.422142,a9d6cdf7-a64e-425f-82df-5f634f2f6ee3.extra_data.json,QyB8D3zs1J,2000,com.sec.android.app.shealth,1463278,20880000,a9d6cdf7-a64e-425f-82df-5f634f2f6ee3,1635984000000,
2228,1359149,90,0,2021-11-01 14:33:11.050,2021-10-31 15:00:00.566,-1,360000,24,1714.2394,7.307328,1d0b5ab6-f86f-4051-972c-23cf7b7ea68c.extra_data.json,QyB8D3zs1J,800,com.sec.android.app.shealth,1358349,36060000,1d0b5ab6-f86f-4051-972c-23cf7b7ea68c,1635724800000,
6477,5426693,90,1365000,2021-10-12 13:41:04.470,2021-10-11 15:25:50.227,-1,1365000,100,4871.953,244.81674,a95dd358-5fa5-492b-8d12-88dc2ccd302d.extra_data.json,QyB8D3zs1J,78000,com.sec.android.app.shealth,3983693,22260000,a95dd358-5fa5-492b-8d12-88dc2ccd302d,1633996800000,
82,54694,90,0,2021-11-07 14:34:00.078,2021-11-06 15:00:00.559,-1,15341,0,61.041016,0.27052307,9bebc94d-36c7-4bd6-a22e-3125e853bc24.extra_data.json,QyB8D3zs1J,0,com.sec.android.app.shealth,54694,28140000,9bebc94d-36c7-4bd6-a22e-3125e853bc24,1636243200000,
1972,1924526,90,790000,2021-09-02 14:05:04.994,2021-09-01 15:00:00.712,-1,790000,34,1462.4094,105.643745,6ba724cc-8279-4177-a3e6-866f24fdab62.extra_data.json,QyB8D3zs1J,8699,com.sec.android.app.shealth,1125827,21000000,6ba724cc-8279-4177-a3e6-866f24fdab62,1630540800000,
880,567557,90,0,2021-11-10 13:24:00.833,2021-11-09 15:00:00.702,-1,120000,10,670.2246,3.3926315,19a8dc2f-b851-4d32-b950-7d734979cd6b.extra_data.json,QyB8D3zs1J,0,com.sec.android.app.shealth,567557,27600000,19a8dc2f-b851-4d32-b950-7d734979cd6b,1636502400000,
5189,4206061,90,1142000,2021-10-22 13:15:03.973,2021-10-21 15:00:00.870,-1,1142000,76,3782.0242,183.88841,f33beea9-8b60-4351-b74f-218d69a5675e.extra_data.json,QyB8D3zs1J,54220,com.sec.android.app.shealth,3009841,19200000,f33beea9-8b60-4351-b74f-218d69a5675e,1634860800000,
1567,966763,90,0,2021-10-18 14:31:28.141,2021-10-17 15:00:00.787,-1,120000,17,1214.102,19.670856,f09aba55-fd31-478c-a310-4e0d71b9b266.extra_data.json,QyB8D3zs1J,400,com.sec.android.app.shealth,966363,34560000,f09aba55-fd31-478c-a310-4e0d71b9b266,1634515200000,
868,569049,90,0,2021-09-27 11:40:02.291,2021-09-26 15:00:00.720,-1,60000,10,680.1289,20.004486,83f302a9-43f6-4a02-8be2-a114101d9589.extra_data.json,QyB8D3zs1J,10800,com.sec.android.app.shealth,558249,45360000,83f302a9-43f6-4a02-8be2-a114101d9589,1632700800000,
675,450225,90,0,2021-10-24 10:45:30.414,2021-10-23 15:00:00.825,-1,60000,7,519.20166,19.777786,23df6498-78f4-4ff3-8ea6-9dd942c82577.extra_data.json,QyB8D3zs1J,0,com.sec.android.app.shealth,450225,20040000,23df6498-78f4-4ff3-8ea6-9dd942c82577,1635033600000,
2447,1577334,90,0,2021-11-13 13:49:33.872,2021-11-12 15:00:01.081,-1,120000,27,1919.6151,8.370129,5b699e55-40c6-4918-979b-4f2f3ad89fac.extra_data.json,QyB8D3zs1J,32723,com.sec.android.app.shealth,1544611,24660000,5b699e55-40c6-4918-979b-4f2f3ad89fac,1636761600000,
7270,4759545,90,0,2021-10-30 04:56:38.081,2021-10-27 15:42:21.472,-1,1352000,87,5528.6846,179.80109,9b09cc95-17e6-467b-8719-2c39bbee1f3f.extra_data.json,QyB8D3zs1J,0,com.sec.android.app.shealth,4759545,24540000,9b09cc95-17e6-467b-8719-2c39bbee1f3f,1635379200000,
1853,1224552,90,0,2021-11-16 14:51:06.082,2021-11-15 15:00:00.516,-1,60000,22,1401.2529,6.059143,9ab09edd-2994-4e43-8548-e4f8d91788e7.extra_data.json,QyB8D3zs1J,0,com.sec.android.app.shealth,1224552,18720000,9ab09edd-2994-4e43-8548-e4f8d91788e7,1637020800000,
3924,5133955,90,2847000,2021-09-07 14:58:02.031,2021-09-06 15:00:00.656,-1,1264000,94,2761.178,287.24054,00d4032f-90a4-4117-b4ce-5afe1806e674.extra_data.json,QyB8D3zs1J,62000,com.sec.android.app.shealth,2224955,10260000,00d4032f-90a4-4117-b4ce-5afe1806e674,1630972800000,
1009,663635,90,0,2021-11-19 11:25:51.641,2021-11-18 15:00:00.684,-1,60000,12,766.0674,3.2874641,3f86ed3d-fe47-4c05-a8d5-f942d39fe7c8.extra_data.json,QyB8D3zs1J,0,com.sec.android.app.shealth,663635,24420000,3f86ed3d-fe47-4c05-a8d5-f942d39fe7c8,1637280000000,
489,319196,90,0,2021-11-22 09:06:30.687,2021-11-21 15:00:00.495,-1,60000,5,377.64453,1.6067238,1570fc8e-9066-4384-9ce9-e4c145fef5d7.extra_data.json,QyB8D3zs1J,400,com.sec.android.app.shealth,318796,22860000,1570fc8e-9066-4384-9ce9-e4c145fef5d7,1637539200000,
2518,1610143,90,0,2021-10-30 13:49:06.691,2021-10-29 15:00:00.527,-1,120000,28,1972.105,56.798275,d76a9af3-79c4-4270-be7c-ab409bdc5471.extra_data.json,QyB8D3zs1J,16800,com.sec.android.app.shealth,1593343,40980000,d76a9af3-79c4-4270-be7c-ab409bdc5471,1635552000000,
6715,4802985,90,0,2021-11-08 05:06:43.556,2021-11-02 15:00:00.960,-1,1064000,88,5149.383,213.15074,c4b765cd-2b4f-4d0d-ad42-72e872f0adfe.extra_data.json,QyB8D3zs1J,62000,com.sec.android.app.shealth,4740985,17400000,c4b765cd-2b4f-4d0d-ad42-72e872f0adfe,1635897600000,
498,302091,90,0,2021-09-13 15:00:00.645,2021-09-12 15:47:50.309,-1,120000,5,379.1703,1.6160412,ecd713b6-9bb2-4f98-aaa7-208effc8edd2.extra_data.json,QyB8D3zs1J,0,com.sec.android.app.shealth,302091,31019999,ecd713b6-9bb2-4f98-aaa7-208effc8edd2,1631491200000,
82,54694,90,0,2021-10-03 15:00:00.825,2021-10-02 15:00:01.369,-1,18676,0,61.25879,0.26863956,fd2ee74a-39da-4feb-8be8-c356ffe64b57.extra_data.json,QyB8D3zs1J,0,com.sec.android.app.shealth,54694,42179999,fd2ee74a-39da-4feb-8be8-c356ffe64b57,1633219200000,
266,176058,90,0,2021-11-25 07:27:37.021,2021-11-24 15:00:00.707,-1,60000,2,203.42871,0.87070465,45d4dcb3-c57f-409f-8d27-ebebdafb693e.extra_data.json,QyB8D3zs1J,0,com.sec.android.app.shealth,176058,27480000,45d4dcb3-c57f-409f-8d27-ebebdafb693e,1637798400000,
2379,1521367,90,0,2021-11-28 14:54:03.884,2021-11-27 15:00:00.641,-1,120000,27,1845.5352,43.01043,8c862aef-5c35-48b8-8249-843a44797e00.extra_data.json,QyB8D3zs1J,0,com.sec.android.app.shealth,1521367,46380000,8c862aef-5c35-48b8-8249-843a44797e00,1638057600000,
4370,3714006,90,1115000,2021-11-08 05:06:43.788,2021-11-04 15:00:00.506,-1,1115000,66,3196.0913,161.47308,e749e04d-2ac5-42b6-b26f-56ee9549eaf7.extra_data.json,QyB8D3zs1J,21214,com.sec.android.app.shealth,2577792,16320000,e749e04d-2ac5-42b6-b26f-56ee9549eaf7,1636070400000,
4622,4050654,90,1204000,2021-11-09 14:42:48.042,2021-11-08 15:00:27.061,-1,1204000,73,3397.1772,195.85196,ad81e77e-50f1-4d23-9cda-eb40f45c10d3.extra_data.json,QyB8D3zs1J,40953,com.sec.android.app.shealth,2805701,21660000,ad81e77e-50f1-4d23-9cda-eb40f45c10d3,1636416000000,
1118,732039,90,0,2021-10-09 13:49:13.583,2021-10-08 15:00:00.579,-1,60000,13,851.7114,3.6844273,3d9712a7-6189-4a90-be0e-8a5eed27b91e.extra_data.json,QyB8D3zs1J,400,com.sec.android.app.shealth,731639,22500000,3d9712a7-6189-4a90-be0e-8a5eed27b91e,1633737600000,
1299,838299,90,0,2021-11-15 06:48:25.891,2021-11-14 15:00:00.706,-1,120000,14,1001.04175,4.2147474,877f10f1-b8a4-4d6c-b39f-8ed21d1f3ad1.extra_data.json,QyB8D3zs1J,0,com.sec.android.app.shealth,838299,31500000,877f10f1-b8a4-4d6c-b39f-8ed21d1f3ad1,1636934400000,
1905,2953515,90,1940000,2021-12-04 02:00:22.523,2021-12-03 15:27:24.839,-1,1077000,54,1295.2661,175.96695,d841e3eb-dc01-4496-8d20-870c8a3e34c3.extra_data.json,QyB8D3zs1J,53200,com.sec.android.app.shealth,960315,11400000,d841e3eb-dc01-4496-8d20-870c8a3e34c3,1638576000000,
833,555611,90,0,2021-11-11 14:19:00.741,2021-11-10 15:00:01.585,-1,35351,10,632.1172,2.7184372,a9b89d44-5b2c-4eba-b5b5-7d8c9f9c9381.extra_data.json,QyB8D3zs1J,0,com.sec.android.app.shealth,555611,42240000,a9b89d44-5b2c-4eba-b5b5-7d8c9f9c9381,1636588800000,
2808,2806479,90,1060000,2021-12-01 14:22:03.239,2021-11-30 15:45:28.125,-1,1060000,51,2059.5925,133.29576,3b59013e-5069-42e1-99e1-878c501c4183.extra_data.json,QyB8D3zs1J,0,com.sec.android.app.shealth,1746479,6540000,3b59013e-5069-42e1-99e1-878c501c4183,1638316800000,
1134,753441,90,0,2021-10-15 14:21:01.093,2021-10-14 15:00:00.806,-1,45356,13,873.8445,19.88538,0cc77f67-585f-4877-a7ab-d33090ee19a1.extra_data.json,QyB8D3zs1J,4400,com.sec.android.app.shealth,749041,36420000,0cc77f67-585f-4877-a7ab-d33090ee19a1,1634256000000,
1653,1077115,90,0,2021-11-17 13:20:01.438,2021-11-16 15:00:01.341,-1,60000,18,1269.7988,5.416952,37c840b7-f593-4dfe-a905-b16b402b4206.extra_data.json,QyB8D3zs1J,0,com.sec.android.app.shealth,1077115,18900000,37c840b7-f593-4dfe-a905-b16b402b4206,1637107200000,
2788,1856601,90,0,2021-11-21 14:40:57.098,2021-11-20 15:00:02.297,-1,60000,33,2120.3486,9.191692,ee5aea45-c3fa-4a04-983f-4a2d5d801715.extra_data.json,QyB8D3zs1J,400,com.sec.android.app.shealth,1856201,32520000,ee5aea45-c3fa-4a04-983f-4a2d5d801715,1637452800000,
7380,5606111,90,1108000,2021-10-21 14:43:03.118,2021-10-20 15:00:00.853,-1,1108000,102,5505.7603,242.55167,04aa30fd-2203-4a7d-a745-131970c76ba7.extra_data.json,QyB8D3zs1J,27600,com.sec.android.app.shealth,4470511,5880000,04aa30fd-2203-4a7d-a745-131970c76ba7,1634774400000,
1055,693650,90,0,2021-11-23 11:40:30.540,2021-11-22 15:00:00.576,-1,60000,12,800.5918,3.4327965,148c21d1-97f1-4e9c-a920-882c1013fdcd.extra_data.json,QyB8D3zs1J,0,com.sec.android.app.shealth,693650,23640000,148c21d1-97f1-4e9c-a920-882c1013fdcd,1637625600000,
1302,857035,90,0,2021-11-27 14:03:40.030,2021-11-26 15:00:00.597,-1,60000,15,990.7578,4.237419,c56d5d69-bef4-4c84-b883-113ecd3aaa21.extra_data.json,QyB8D3zs1J,0,com.sec.android.app.shealth,857035,36540000,c56d5d69-bef4-4c84-b883-113ecd3aaa21,1637971200000,
1136,685496,90,0,2021-09-19 09:12:02.406,2021-09-18 15:00:00.944,-1,180000,12,869.5137,3.6840076,549c0914-5774-4422-ab3f-7a604a3cb22d.extra_data.json,QyB8D3zs1J,0,com.sec.android.app.shealth,685496,23040000,549c0914-5774-4422-ab3f-7a604a3cb22d,1632009600000,
2923,3917233,90,0,2021-10-30 04:56:37.987,2021-10-26 15:00:00.682,-1,2304000,72,2400.045,84.11761,a45c55d5-10ed-44f2-96c1-5921669dbb00.extra_data.json,QyB8D3zs1J,0,com.sec.android.app.shealth,3917233,12000000,a45c55d5-10ed-44f2-96c1-5921669dbb00,1635292800000,
4079,3442154,90,922000,2021-11-29 13:41:03.208,2021-11-28 15:00:00.400,-1,922000,62,3029.0527,147.15521,a942204b-0b6a-4e58-a376-aa36aae1b24b.extra_data.json,QyB8D3zs1J,11200,com.sec.android.app.shealth,2508954,14100000,a942204b-0b6a-4e58-a376-aa36aae1b24b,1638144000000,
6402,6858944,90,3035000,2021-12-03 12:37:01.810,2021-12-02 15:00:00.932,-1,1120000,126,4638.4385,388.7038,417483d9-f76d-4730-8ff4-f1c9ddb73d7f.extra_data.json,QyB8D3zs1J,40400,com.sec.android.app.shealth,3783544,16020000,417483d9-f76d-4730-8ff4-f1c9ddb73d7f,1638489600000,
5433,4346608,90,1025000,2021-09-25 15:00:00.824,2021-09-24 15:00:00.745,-1,1025000,80,4022.8447,171.05585,ba60204f-1513-45e7-9e15-b60f2a672bc6.extra_data.json,QyB8D3zs1J,6460,com.sec.android.app.shealth,3315148,19439999,ba60204f-1513-45e7-9e15-b60f2a672bc6,1632528000000,
3084,2910702,90,1043000,2021-11-02 14:38:10.718,2021-11-01 15:00:01.681,-1,1043000,52,2221.4746,142.49591,6a875c9d-8893-47b9-ba4e-0ab2fbacf527.extra_data.json,QyB8D3zs1J,29480,com.sec.android.app.shealth,1838222,15180000,6a875c9d-8893-47b9-ba4e-0ab2fbacf527,1635811200000,
613,396835,90,0,2021-11-08 12:07:40.324,2021-11-07 15:00:00.473,-1,60000,6,475.70898,2.3354645,5fff0532-bf08-46c8-ac23-034881b56c91.extra_data.json,QyB8D3zs1J,0,com.sec.android.app.shealth,396835,43500000,5fff0532-bf08-46c8-ac23-034881b56c91,1636329600000,
809,534797,90,0,2021-10-01 05:39:54.511,2021-09-30 15:00:00.900,-1,51359,8,621.2001,2.7217894,8079cfae-d536-406d-9b6c-ca16a0acd414.extra_data.json,QyB8D3zs1J,7200,com.sec.android.app.shealth,527597,37080000,8079cfae-d536-406d-9b6c-ca16a0acd414,1633046400000,
1745,1154012,90,0,2021-11-14 11:56:38.331,2021-11-13 15:42:48.494,-1,60000,21,1336.1171,5.765624,5a9ce86c-6351-404b-9369-a1af3a5f4cc8.extra_data.json,QyB8D3zs1J,2800,com.sec.android.app.shealth,1151212,33240000,5a9ce86c-6351-404b-9369-a1af3a5f4cc8,1636848000000,
954,636318,90,0,2021-11-20 12:12:41.787,2021-11-19 15:00:00.549,-1,41354,11,728.3574,3.514553,f7bb11db-6935-464e-a4c6-81a190fa94a9.extra_data.json,QyB8D3zs1J,0,com.sec.android.app.shealth,636318,18840000,f7bb11db-6935-464e-a4c6-81a190fa94a9,1637366400000,
1353,897111,90,0,2021-10-07 10:57:04.820,2021-10-06 15:00:00.570,-1,49358,15,1045.6631,4.471266,ee17fb46-da97-4d4c-9208-a0e869392277.extra_data.json,QyB8D3zs1J,8000,com.sec.android.app.shealth,889111,17580000,ee17fb46-da97-4d4c-9208-a0e869392277,1633564800000,
2725,1798941,90,0,2021-11-26 13:49:09.901,2021-11-25 15:33:32.985,-1,180000,32,2074.9814,8.925537,f64fd055-0f13-4e9a-b4b3-bce6de4dce04.extra_data.json,QyB8D3zs1J,2800,com.sec.android.app.shealth,1796141,27120000,f64fd055-0f13-4e9a-b4b3-bce6de4dce04,1637884800000,
5129,3936882,90,619000,2021-10-13 14:15:02.297,2021-10-12 15:00:00.568,-1,619000,72,3900.7485,186.36462,1c63df8d-3b1b-4440-b09c-cd42fa7948b9.extra_data.json,QyB8D3zs1J,10000,com.sec.android.app.shealth,3307882,16500000,1c63df8d-3b1b-4440-b09c-cd42fa7948b9,1634083200000,
4905,3790498,90,813000,2021-12-02 14:36:41.031,2021-12-01 15:00:00.632,-1,813000,68,3740.9717,208.15811,34eea176-af9a-49bd-b140-3e74fff9c56e.extra_data.json,QyB8D3zs1J,66800,com.sec.android.app.shealth,2910698,10680000,34eea176-af9a-49bd-b140-3e74fff9c56e,1638403200000,
1195,795730,90,0,2021-10-19 14:29:35.698,2021-10-18 15:00:01.291,-1,60000,14,904.43115,3.9351215,e2850ad8-3f58-402e-a0e5-e70c13a911df.extra_data.json,QyB8D3zs1J,2000,com.sec.android.app.shealth,793730,21600000,e2850ad8-3f58-402e-a0e5-e70c13a911df,1634601600000,
187,124729,90,0,2021-10-25 11:08:16.747,2021-10-24 15:00:00.513,-1,30015,2,140.2461,0.6121521,0fa6d128-b2fd-4556-ba11-29f1419034de.extra_data.json,QyB8D3zs1J,0,com.sec.android.app.shealth,124729,17820000,0fa6d128-b2fd-4556-ba11-29f1419034de,1635120000000,
609,388134,90,0,2021-10-31 06:41:31.576,2021-10-30 15:00:00.499,-1,60000,6,464.99023,1.9792747,e1fc759e-3ca4-4d66-9926-f2e89f2d4230.extra_data.json,QyB8D3zs1J,0,com.sec.android.app.shealth,388134,43200000,e1fc759e-3ca4-4d66-9926-f2e89f2d4230,1635638400000,
5662,3693324,90,0,2021-12-03 11:47:01.181,2021-11-05 15:00:00.567,-1,60000,67,4442.252,167.50163,2819d4b3-9d9f-47c6-8587-4cca0e61c83b.extra_data.json,QyB8D3zs1J,63600,com.sec.android.app.shealth,3629724,18300000,2819d4b3-9d9f-47c6-8587-4cca0e61c83b,1636156800000,
109,72703,90,0,2021-11-12 10:28:19.325,2021-11-11 15:00:00.509,-1,16008,1,83.28711,0.3603592,8b736906-3aaf-48b9-a134-d33cf77a4b96.extra_data.json,QyB8D3zs1J,0,com.sec.android.app.shealth,72703,36240000,8b736906-3aaf-48b9-a134-d33cf77a4b96,1636675200000,
1791,1162491,90,0,2021-11-18 14:44:46.446,2021-11-17 15:13:57.806,-1,120000,21,1364.7407,5.8208694,0023fed0-9235-497c-85d8-b7541cac2196.extra_data.json,QyB8D3zs1J,0,com.sec.android.app.shealth,1162491,23820000,0023fed0-9235-497c-85d8-b7541cac2196,1637193600000,
158,105386,90,0,2021-11-24 10:05:52.605,2021-11-23 15:16:44.407,-1,28681,1,118.390625,0.51888275,aa833883-89d0-4932-82e9-18867231bc36.extra_data.json,QyB8D3zs1J,0,com.sec.android.app.shealth,105386,30840000,aa833883-89d0-4932-82e9-18867231bc36,1637712000000,
5141,4738712,90,1614000,2021-11-30 14:56:00.785,2021-11-29 15:00:00.938,-1,1614000,85,3809.5908,244.45615,15e1b3a5-6617-4f61-8360-38eb5a1927b4.extra_data.json,QyB8D3zs1J,65200,com.sec.android.app.shealth,3059512,18240000,15e1b3a5-6617-4f61-8360-38eb5a1927b4,1638230400000,
