com.samsung.shealth.calories_burned.details,6170019,1
version,extra_data,com.samsung.shealth.calories_burned.tef_calorie,com.samsung.shealth.calories_burned.active_time,com.samsung.shealth.calories_burned.rest_calorie,com.samsung.shealth.calories_burned.update_time,com.samsung.shealth.calories_burned.create_time,com.samsung.shealth.calories_burned.active_calorie,com.samsung.shealth.calories_burned.deviceuuid,com.samsung.shealth.calories_burned.pkg_name,com.samsung.shealth.calories_burned.datauuid,com.samsung.shealth.calories_burned.day_time
,c185b911-d05b-4998-b7df-e3a76c9d9301.extra_data.json,0.0,0,1468.4391,2021-07-03 02:58:34.019,2021-07-03 02:58:34.019,0.0,V57RQzDK0T,com.sec.android.app.shealth,c185b911-d05b-4998-b7df-e3a76c9d9301,1622937600000,
,cb951195-6a57-4396-b7b2-3fc21d6d2283.extra_data.json,38.9,561584,1458.8944,2021-07-03 15:08:53.383,2021-07-03 02:58:32.558,28.611225,V57RQzDK0T,com.sec.android.app.shealth,cb951195-6a57-4396-b7b2-3fc21d6d2283,1625270400000,
,439e978b-faec-40ba-be47-830f131a2c2c.extra_data.json,0.0,0,1468.4391,2021-07-03 02:58:34.336,2021-07-03 02:58:34.336,0.0,V57RQzDK0T,com.sec.android.app.shealth,439e978b-faec-40ba-be47-830f131a2c2c,1623369600000,
,50c3bf8e-e82d-47da-a423-25b8e93694cc.extra_data.json,0.0,0,1468.4391,2021-07-03 02:58:34.406,2021-07-03 02:58:34.406,0.0,V57RQzDK0T,com.sec.android.app.shealth,50c3bf8e-e82d-47da-a423-25b8e93694cc,1623456000000,
,b16a1939-2f46-4980-b1c9-b705b05066c0.extra_data.json,0.0,0,1468.4391,2021-07-03 02:58:34.615,2021-07-03 02:58:34.615,0.0,V57RQzDK0T,com.sec.android.app.shealth,b16a1939-2f46-4980-b1c9-b705b05066c0,1623974400000,
,3b216805-9042-4769-ba2c-05b19ff94978.extra_data.json,0.0,0,1468.4391,2021-07-03 02:58:34.595,2021-07-03 02:58:34.595,0.0,V57RQzDK0T,com.sec.android.app.shealth,3b216805-9042-4769-ba2c-05b19ff94978,1623888000000,
,41b81135-4d9a-467d-bf88-1cc40f7285e0.extra_data.json,0.0,0,1468.4391,2021-07-03 02:58:34.867,2021-07-03 02:58:34.867,0.0,V57RQzDK0T,com.sec.android.app.shealth,41b81135-4d9a-467d-bf88-1cc40f7285e0,1624492800000,
,3f7c54f6-64ee-4df0-a188-d41ccc9bd0f4.extra_data.json,0.0,0,1468.4391,2021-07-03 02:58:34.810,2021-07-03 02:58:34.810,0.0,V57RQzDK0T,com.sec.android.app.shealth,3f7c54f6-64ee-4df0-a188-d41ccc9bd0f4,1624406400000,
,3992229a-51d8-49a7-a02c-cbca0b80e48c.extra_data.json,0.0,0,1468.4391,2021-07-03 02:58:34.117,2021-07-03 02:58:34.117,0.0,V57RQzDK0T,com.sec.android.app.shealth,3992229a-51d8-49a7-a02c-cbca0b80e48c,1623110400000,
,e2a86377-4dc8-4a5e-a2bc-64a5a9268bc0.extra_data.json,0.0,0,1468.4391,2021-07-03 02:58:35.046,2021-07-03 02:58:35.046,0.0,V57RQzDK0T,com.sec.android.app.shealth,e2a86377-4dc8-4a5e-a2bc-64a5a9268bc0,1625011200000,
,9c11b27b-4dc9-4855-a631-83720c5f2ad0.extra_data.json,0.0,0,1468.4391,2021-07-03 02:58:35.009,2021-07-03 02:58:35.009,0.0,V57RQzDK0T,com.sec.android.app.shealth,9c11b27b-4dc9-4855-a631-83720c5f2ad0,1624924800000,
,8e03a9f0-8438-4128-9b3c-87bdb0a7ba1b.extra_data.json,0.0,0,1468.4391,2021-07-03 02:58:34.066,2021-07-03 02:58:34.066,0.0,V57RQzDK0T,com.sec.android.app.shealth,8e03a9f0-8438-4128-9b3c-87bdb0a7ba1b,1623024000000,
,4f62bb8a-a556-43d1-bd43-5dcb5427778d.extra_data.json,0.0,0,1468.4391,2021-07-03 02:58:34.482,2021-07-03 02:58:34.482,0.0,V57RQzDK0T,com.sec.android.app.shealth,4f62bb8a-a556-43d1-bd43-5dcb5427778d,1623628800000,
,6e4f7b9b-5d98-4aea-8a72-bb211acbfb99.extra_data.json,58.3,4279912,1395.6984,2021-07-07 15:00:00.634,2021-07-06 15:00:00.455,241.65916,V57RQzDK0T,com.sec.android.app.shealth,6e4f7b9b-5d98-4aea-8a72-bb211acbfb99,1625616000000,
,a830f9be-994b-4d79-9ea0-adf3ad13e91d.extra_data.json,0.0,18331889,1156.8735,2021-07-06 15:00:00.705,2021-07-05 15:31:47.851,935.0489,V57RQzDK0T,com.sec.android.app.shealth,a830f9be-994b-4d79-9ea0-adf3ad13e91d,1625529600000,
,069cd5f7-f5e5-4b54-a489-211871ad4f0b.extra_data.json,0.0,0,1468.4391,2021-07-03 02:58:34.451,2021-07-03 02:58:34.451,0.0,V57RQzDK0T,com.sec.android.app.shealth,069cd5f7-f5e5-4b54-a489-211871ad4f0b,1623542400000,
,842b05a7-57cd-4798-a0c6-fe8f08c6acd0.extra_data.json,118.700005,704202,1456.4706,2021-07-13 15:19:05.629,2021-07-12 15:00:00.690,38.366314,V57RQzDK0T,com.sec.android.app.shealth,842b05a7-57cd-4798-a0c6-fe8f08c6acd0,1626134400000,
,3725d4f9-c60e-4e3b-9f47-d196d7917dff.extra_data.json,0.0,3417566,1410.3546,2021-07-12 15:00:00.808,2021-07-11 15:00:00.645,182.08379,V57RQzDK0T,com.sec.android.app.shealth,3725d4f9-c60e-4e3b-9f47-d196d7917dff,1626048000000,
,265d65ad-445b-463f-9525-8e9933d98c58.extra_data.json,0.0,0,1468.4391,2021-07-03 02:58:34.684,2021-07-03 02:58:34.684,0.0,V57RQzDK0T,com.sec.android.app.shealth,265d65ad-445b-463f-9525-8e9933d98c58,1624147200000,
,811f2d37-b901-4976-8b98-c702f091fac5.extra_data.json,0.0,0,1468.4391,2021-07-03 02:58:34.643,2021-07-03 02:58:34.643,0.0,V57RQzDK0T,com.sec.android.app.shealth,811f2d37-b901-4976-8b98-c702f091fac5,1624060800000,
,e0919df4-57f2-42fb-87ab-59321db06239.extra_data.json,0.0,0,1468.4391,2021-07-03 02:58:34.188,2021-07-03 02:58:34.188,0.0,V57RQzDK0T,com.sec.android.app.shealth,e0919df4-57f2-42fb-87ab-59321db06239,1623196800000,
,739b2cf4-fe43-44d2-b433-3928caa4f58d.extra_data.json,205.0,2641395,1423.5464,2021-07-19 15:00:02.006,2021-07-18 15:00:01.009,136.28607,V57RQzDK0T,com.sec.android.app.shealth,739b2cf4-fe43-44d2-b433-3928caa4f58d,1626652800000,
,eda756ac-3f1d-4939-bfc1-610faf88685d.extra_data.json,0.0,0,1468.4391,2021-07-03 02:58:34.254,2021-07-03 02:58:34.254,0.0,V57RQzDK0T,com.sec.android.app.shealth,eda756ac-3f1d-4939-bfc1-610faf88685d,1623283200000,
,4a66ec2d-1262-4b87-9c79-da273299f4ab.extra_data.json,87.9,383525,1461.9207,2021-07-18 15:00:01.097,2021-07-17 15:44:47.446,19.188414,V57RQzDK0T,com.sec.android.app.shealth,4a66ec2d-1262-4b87-9c79-da273299f4ab,1626566400000,
,38037dad-6862-4111-a530-865ebe7e658d.extra_data.json,0.0,0,1468.4391,2021-08-20 17:11:59.170,2021-07-24 15:26:01.162,0.0,V57RQzDK0T,com.sec.android.app.shealth,38037dad-6862-4111-a530-865ebe7e658d,1627171200000,
,f12a7b3c-741e-4ab4-9a7b-70c9db059d37.extra_data.json,0.0,0,1468.4391,2021-07-03 02:58:34.917,2021-07-03 02:58:34.917,0.0,V57RQzDK0T,com.sec.android.app.shealth,f12a7b3c-741e-4ab4-9a7b-70c9db059d37,1624665600000,
,57cdc0af-a14f-4338-a1bb-5bf5ad518ade.extra_data.json,0.0,0,1468.4391,2021-07-03 02:58:34.513,2021-07-03 02:58:34.513,0.0,V57RQzDK0T,com.sec.android.app.shealth,57cdc0af-a14f-4338-a1bb-5bf5ad518ade,1623715200000,
,affd9c49-e570-44fa-91ef-3e62a5e8b7fd.extra_data.json,0.0,0,1468.4391,2021-07-03 02:58:34.894,2021-07-03 02:58:34.894,0.0,V57RQzDK0T,com.sec.android.app.shealth,affd9c49-e570-44fa-91ef-3e62a5e8b7fd,1624579200000,
,f3a7be51-abca-4b9a-b237-0055c37cae7b.extra_data.json,0.0,458229,1460.651,2021-07-31 15:50:54.226,2021-07-30 17:12:24.859,23.989542,V57RQzDK0T,com.sec.android.app.shealth,f3a7be51-abca-4b9a-b237-0055c37cae7b,1627689600000,
,cd041f54-c61c-454b-8f5e-7a69f89557a7.extra_data.json,0.0,0,1468.4391,2021-07-03 02:58:35.095,2021-07-03 02:58:35.095,0.0,V57RQzDK0T,com.sec.android.app.shealth,cd041f54-c61c-454b-8f5e-7a69f89557a7,1625184000000,
,3f2b2acb-8016-495c-b709-a78a8c587468.extra_data.json,0.0,0,1468.4391,2021-07-03 02:58:34.728,2021-07-03 02:58:34.728,0.0,V57RQzDK0T,com.sec.android.app.shealth,3f2b2acb-8016-495c-b709-a78a8c587468,1624233600000,
,d288d2fb-2781-4ae4-9d25-4779e1f0c143.extra_data.json,0.0,976458,1451.8434,2021-07-24 15:26:01.382,2021-07-23 17:15:55.334,52.080536,V57RQzDK0T,com.sec.android.app.shealth,d288d2fb-2781-4ae4-9d25-4779e1f0c143,1627084800000,
,6483e45a-2ff1-4fa5-95f8-1f5c6dd65930.extra_data.json,0.0,0,1468.4391,2021-07-03 02:58:34.570,2021-07-03 02:58:34.570,0.0,V57RQzDK0T,com.sec.android.app.shealth,6483e45a-2ff1-4fa5-95f8-1f5c6dd65930,1623801600000,
,1bb9db59-9ebc-497e-859b-4c6318466bac.extra_data.json,0.0,0,1468.4391,2021-07-03 02:58:35.073,2021-07-03 02:58:35.073,0.0,V57RQzDK0T,com.sec.android.app.shealth,1bb9db59-9ebc-497e-859b-4c6318466bac,1625097600000,
,69679e9e-dfa8-4b4f-b7b2-9edff02f9c2f.extra_data.json,0.0,2876351,1419.5531,2021-07-09 15:00:00.738,2021-07-08 15:00:00.509,148.12589,V57RQzDK0T,com.sec.android.app.shealth,69679e9e-dfa8-4b4f-b7b2-9edff02f9c2f,1625788800000,
,25b15055-83e1-4b8c-bf81-981e6f650ec6.extra_data.json,0.0,0,1468.4391,2021-07-03 02:58:34.937,2021-07-03 02:58:34.937,0.0,V57RQzDK0T,com.sec.android.app.shealth,25b15055-83e1-4b8c-bf81-981e6f650ec6,1624752000000,
,9b71c2aa-81de-44d5-b357-cbbc7fa9db76.extra_data.json,0.0,3208666,1413.9052,2021-07-30 17:12:30.305,2021-07-29 15:57:00.776,173.34286,V57RQzDK0T,com.sec.android.app.shealth,9b71c2aa-81de-44d5-b357-cbbc7fa9db76,1627603200000,
,c09972de-0127-47d9-b1c0-a7cc608732bc.extra_data.json,0.0,3546275,1408.1672,2021-08-06 15:40:59.831,2021-08-05 18:44:44.732,190.96248,V57RQzDK0T,com.sec.android.app.shealth,c09972de-0127-47d9-b1c0-a7cc608732bc,1628208000000,
,08c3ac00-5f0b-4262-9b01-14a9a79c7bd3.extra_data.json,231.6,4324818,1394.9352,2021-07-08 15:00:00.698,2021-07-07 15:00:00.393,228.67407,V57RQzDK0T,com.sec.android.app.shealth,08c3ac00-5f0b-4262-9b01-14a9a79c7bd3,1625702400000,
,d9cde325-0c93-4cd4-9881-6c1007efde91.extra_data.json,0.0,0,1468.4391,2021-07-03 02:58:34.764,2021-07-03 02:58:34.764,0.0,V57RQzDK0T,com.sec.android.app.shealth,d9cde325-0c93-4cd4-9881-6c1007efde91,1624320000000,
,77f4023e-5201-4ac0-befc-8b510db39959.extra_data.json,0.0,3191461,1414.1975,2021-07-15 16:37:04.729,2021-07-14 18:08:01.534,170.76898,V57RQzDK0T,com.sec.android.app.shealth,77f4023e-5201-4ac0-befc-8b510db39959,1626307200000,
,7e5ad3dc-33bb-4232-9de5-f22bef6b2d49.extra_data.json,0.0,0,1468.4391,2021-07-03 02:58:34.958,2021-07-03 02:58:34.958,0.0,V57RQzDK0T,com.sec.android.app.shealth,7e5ad3dc-33bb-4232-9de5-f22bef6b2d49,1624838400000,
,49f669de-86d8-4ef9-96e7-852674e77a6d.extra_data.json,135.7,3371094,1411.1445,2021-07-14 18:08:01.894,2021-07-13 15:19:05.403,184.38881,V57RQzDK0T,com.sec.android.app.shealth,49f669de-86d8-4ef9-96e7-852674e77a6d,1626220800000,
,793cffaa-cc36-425e-b5de-4464f4ee1ab9.extra_data.json,165.7,3573034,1407.7124,2021-07-21 15:00:02.063,2021-07-20 15:00:01.439,183.88083,V57RQzDK0T,com.sec.android.app.shealth,793cffaa-cc36-425e-b5de-4464f4ee1ab9,1626825600000,
,40bbfb96-fcf7-4af0-a7b1-5841ed148d4d.extra_data.json,0.0,2413095,1427.4265,2021-07-04 15:00:01.404,2021-07-03 15:08:53.118,128.43753,V57RQzDK0T,com.sec.android.app.shealth,40bbfb96-fcf7-4af0-a7b1-5841ed148d4d,1625356800000,
,a9c501c2-e754-4c00-8e57-9809ffc2d913.extra_data.json,0.0,4027803,1399.9833,2021-08-05 18:44:45.047,2021-08-04 15:00:02.119,219.09117,V57RQzDK0T,com.sec.android.app.shealth,a9c501c2-e754-4c00-8e57-9809ffc2d913,1628121600000,
,4f1a55a7-2c3e-4357-bab5-d1a37f8bb358.extra_data.json,0.0,3699205,1405.568,2021-08-12 15:34:03.056,2021-08-11 17:58:42.516,205.04466,V57RQzDK0T,com.sec.android.app.shealth,4f1a55a7-2c3e-4357-bab5-d1a37f8bb358,1628726400000,
,e3994740-852e-4152-89f8-53e1541997d2.extra_data.json,0.0,3489851,1409.1262,2021-08-22 23:30:05.745,2021-07-26 15:00:00.748,191.85312,V57RQzDK0T,com.sec.android.app.shealth,e3994740-852e-4152-89f8-53e1541997d2,1627344000000,
,2c513055-31d1-495c-86f1-5a4e2f01189f.extra_data.json,0.0,445151,1460.8733,2021-08-20 17:11:59.758,2021-08-17 15:00:00.745,24.528702,V57RQzDK0T,com.sec.android.app.shealth,2c513055-31d1-495c-86f1-5a4e2f01189f,1629244800000,
,874f0472-6f1a-4aea-89f6-098a27c393dd.extra_data.json,0.0,3882419,1402.4542,2021-07-20 15:00:01.747,2021-07-19 15:00:01.661,192.8304,V57RQzDK0T,com.sec.android.app.shealth,874f0472-6f1a-4aea-89f6-098a27c393dd,1626739200000,
,5ae93938-3735-4630-a178-716118c9e7b5.extra_data.json,0.0,1557445,1441.9689,2021-07-10 15:00:01.152,2021-07-09 15:00:00.502,78.41449,V57RQzDK0T,com.sec.android.app.shealth,5ae93938-3735-4630-a178-716118c9e7b5,1625875200000,
,0e852d3f-8260-4baa-9844-15854080accb.extra_data.json,0.0,3916208,1401.8799,2021-07-05 15:31:48.301,2021-07-04 15:00:01.248,232.41533,V57RQzDK0T,com.sec.android.app.shealth,0e852d3f-8260-4baa-9844-15854080accb,1625443200000,
,f19ae6af-8145-4a3c-8ac4-db150412ffbf.extra_data.json,0.0,3661316,1406.212,2021-08-11 17:58:42.890,2021-08-10 15:00:02.119,195.91283,V57RQzDK0T,com.sec.android.app.shealth,f19ae6af-8145-4a3c-8ac4-db150412ffbf,1628640000000,
,d1220046-502c-4d24-8010-b6a24cacc6c0.extra_data.json,0.0,1109828,1449.5767,2021-08-24 15:00:01.733,2021-08-23 17:46:55.738,59.306843,V57RQzDK0T,com.sec.android.app.shealth,d1220046-502c-4d24-8010-b6a24cacc6c0,1629763200000,
,d0530bb9-c568-467d-b13a-ee6c22875123.extra_data.json,0.0,1716729,1439.2618,2021-08-28 03:21:27.924,2021-08-01 15:00:01.821,94.40173,V57RQzDK0T,com.sec.android.app.shealth,d0530bb9-c568-467d-b13a-ee6c22875123,1627862400000,
,1d1129fe-7f46-4d2f-9d95-1786e200ad8c.extra_data.json,0.0,672156,1457.0151,2021-07-16 15:00:00.648,2021-07-15 16:37:04.403,37.33493,V57RQzDK0T,com.sec.android.app.shealth,1d1129fe-7f46-4d2f-9d95-1786e200ad8c,1626393600000,
,d2f385d6-6518-43d3-80e8-ab18bd2a9a5f.extra_data.json,0.0,150075,1465.8884,2021-07-11 15:00:00.783,2021-07-10 15:00:00.717,7.2888074,V57RQzDK0T,com.sec.android.app.shealth,d2f385d6-6518-43d3-80e8-ab18bd2a9a5f,1625961600000,
,f45b7c07-1483-45b2-bd69-edd1edf5d96f.extra_data.json,0.0,3679722,1405.8992,2021-08-20 17:11:59.734,2021-08-16 16:05:19.777,206.8234,V57RQzDK0T,com.sec.android.app.shealth,f45b7c07-1483-45b2-bd69-edd1edf5d96f,1629158400000,
,1172781b-c094-4b6a-a139-e3d56eaf2c7d.extra_data.json,0.0,0,1468.4391,2021-08-20 17:11:59.213,2021-07-25 15:00:00.819,0.0,V57RQzDK0T,com.sec.android.app.shealth,1172781b-c094-4b6a-a139-e3d56eaf2c7d,1627257600000,
,456e1100-a0ae-41bf-995e-9e56d2f5d82b.extra_data.json,158.0,4080396,1399.0892,2021-07-22 15:00:00.882,2021-07-21 15:00:01.651,212.8975,V57RQzDK0T,com.sec.android.app.shealth,456e1100-a0ae-41bf-995e-9e56d2f5d82b,1626912000000,
,af8c3630-99a3-463a-a793-58e348becd99.extra_data.json,0.0,673670,1456.9894,2021-08-23 17:46:55.961,2021-08-22 15:00:02.529,35.83806,V57RQzDK0T,com.sec.android.app.shealth,af8c3630-99a3-463a-a793-58e348becd99,1629676800000,
,388029a1-2689-4373-b113-959e0e0b7e75.extra_data.json,0.0,2477821,1426.3264,2021-08-30 15:00:01.191,2021-08-29 15:01:16.395,135.05598,V57RQzDK0T,com.sec.android.app.shealth,388029a1-2689-4373-b113-959e0e0b7e75,1630281600000,
,92381142-f3c2-4c50-a72a-2c8943ffaf17.extra_data.json,0.0,238117,1464.392,2021-08-28 03:21:27.892,2021-07-31 15:50:53.978,12.662143,V57RQzDK0T,com.sec.android.app.shealth,92381142-f3c2-4c50-a72a-2c8943ffaf17,1627776000000,
,35fc780a-773e-45dc-a654-a8a0b08c38ba.extra_data.json,0.0,200100,1465.0382,2021-07-17 15:44:47.590,2021-07-16 15:00:00.546,9.884408,V57RQzDK0T,com.sec.android.app.shealth,35fc780a-773e-45dc-a654-a8a0b08c38ba,1626480000000,
,9012bf94-161f-4f63-8092-e5a573ccafce.extra_data.json,0.0,26013,1467.9968,2021-08-08 15:36:39.497,2021-08-07 16:14:46.004,1.4338523,V57RQzDK0T,com.sec.android.app.shealth,9012bf94-161f-4f63-8092-e5a573ccafce,1628380800000,
,ebdbdd02-a37e-45b0-a84d-bd844a5d4464.extra_data.json,0.0,26012,1467.9968,2021-09-05 15:00:01.168,2021-09-04 15:03:46.854,2.0147245,V57RQzDK0T,com.sec.android.app.shealth,ebdbdd02-a37e-45b0-a84d-bd844a5d4464,1630800000000,
,cbb0a60d-e226-413b-8e43-fe92a354971e.extra_data.json,0.0,500643,1459.9303,2021-08-29 15:01:16.545,2021-08-28 15:00:01.666,28.388725,V57RQzDK0T,com.sec.android.app.shealth,cbb0a60d-e226-413b-8e43-fe92a354971e,1630195200000,
,b3674b7f-37f7-46d4-a86f-d9218c41a2c7.extra_data.json,0.0,4261494,1396.0114,2021-07-23 17:16:04.690,2021-07-22 15:00:00.730,227.3401,V57RQzDK0T,com.sec.android.app.shealth,b3674b7f-37f7-46d4-a86f-d9218c41a2c7,1626998400000,
,1b0ba8c8-1cb7-4db9-beff-bb7c4d7b1d5e.extra_data.json,0.0,4669,1468.3596,2021-08-07 16:14:46.177,2021-08-06 15:40:59.356,0.24323869,V57RQzDK0T,com.sec.android.app.shealth,1b0ba8c8-1cb7-4db9-beff-bb7c4d7b1d5e,1628294400000,
,0e5f7818-51bb-4ee5-a632-58fd9de730d7.extra_data.json,0.0,3239003,1413.3895,2021-07-28 15:00:02.212,2021-07-27 15:00:01.576,175.24248,V57RQzDK0T,com.sec.android.app.shealth,0e5f7818-51bb-4ee5-a632-58fd9de730d7,1627430400000,
,c2d6d6e3-4505-49f4-bf40-b73ce10008c2.extra_data.json,0.0,385526,1461.8867,2021-08-14 15:00:01.554,2021-08-13 16:18:30.121,20.577744,V57RQzDK0T,com.sec.android.app.shealth,c2d6d6e3-4505-49f4-bf40-b73ce10008c2,1628899200000,
,34516eb2-eeee-4caa-8ed5-86a59acf6bcb.extra_data.json,0.0,2516561,1425.668,2021-08-20 17:11:59.798,2021-08-19 15:00:00.465,132.89148,V57RQzDK0T,com.sec.android.app.shealth,34516eb2-eeee-4caa-8ed5-86a59acf6bcb,1629417600000,
,93264689-d979-4a3f-8099-2c5cc542eb2e.extra_data.json,0.0,1512489,1442.733,2021-09-04 15:03:47.140,2021-09-03 15:00:01.226,79.5909,V57RQzDK0T,com.sec.android.app.shealth,93264689-d979-4a3f-8099-2c5cc542eb2e,1630713600000,
,1dd72c83-2475-45ad-a9be-21b318ab7428.extra_data.json,0.0,1133318,1449.1774,2021-09-16 17:47:04.905,2021-09-10 15:00:00.855,64.93118,V57RQzDK0T,com.sec.android.app.shealth,1dd72c83-2475-45ad-a9be-21b318ab7428,1631318400000,
,1202b304-57d9-40f2-aec5-fb7cff622fde.extra_data.json,0.0,3939627,1401.4819,2021-08-13 16:18:30.678,2021-08-12 15:34:02.636,216.48795,V57RQzDK0T,com.sec.android.app.shealth,1202b304-57d9-40f2-aec5-fb7cff622fde,1628812800000,
,ffd6fe5b-1876-4774-a774-15af607573b6.extra_data.json,0.0,1916139,1435.8727,2021-08-28 03:21:27.946,2021-08-02 15:06:01.951,103.36156,V57RQzDK0T,com.sec.android.app.shealth,ffd6fe5b-1876-4774-a774-15af607573b6,1627948800000,
,440517ea-fb9d-4697-930a-de3e85028661.extra_data.json,0.0,4058432,1399.4626,2021-07-29 15:57:01.275,2021-07-28 15:00:01.836,221.85222,V57RQzDK0T,com.sec.android.app.shealth,440517ea-fb9d-4697-930a-de3e85028661,1627516800000,
,2cfd308f-5321-4537-9af3-9b0bddf3dc03.extra_data.json,0.0,0,1468.4391,2021-08-31 09:56:54.381,2021-08-03 15:00:02.241,0.0,V57RQzDK0T,com.sec.android.app.shealth,2cfd308f-5321-4537-9af3-9b0bddf3dc03,1628035200000,
,fc4547fb-8593-497e-856a-a698343b0891.extra_data.json,0.0,4446968,1392.8591,2021-09-16 17:47:04.860,2021-09-09 15:00:01.935,242.44775,V57RQzDK0T,com.sec.android.app.shealth,fc4547fb-8593-497e-856a-a698343b0891,1631232000000,
,7ce09a85-746d-440e-a15f-782d827a48ef.extra_data.json,0.0,5241448,1379.3563,2021-08-28 02:23:12.493,2021-08-25 15:00:01.567,290.96103,V57RQzDK0T,com.sec.android.app.shealth,7ce09a85-746d-440e-a15f-782d827a48ef,1629936000000,
,e278c9c5-40f1-4ced-91f7-aadb25035aab.extra_data.json,0.0,3037831,1416.8086,2021-08-09 15:00:02.341,2021-08-08 15:36:39.330,171.71176,V57RQzDK0T,com.sec.android.app.shealth,e278c9c5-40f1-4ced-91f7-aadb25035aab,1628467200000,
,98af222d-1474-4690-b71b-e6a6945c4e2a.extra_data.json,0.0,5549497,1374.1207,2021-09-17 17:07:03.065,2021-09-16 15:00:00.980,310.11224,V57RQzDK0T,com.sec.android.app.shealth,98af222d-1474-4690-b71b-e6a6945c4e2a,1631836800000,
,c7e8257f-5ccd-4d9a-9bb2-a7a998c702ad.extra_data.json,0.0,2876021,1419.5586,2021-08-20 17:11:59.780,2021-08-18 15:00:00.975,163.79706,V57RQzDK0T,com.sec.android.app.shealth,c7e8257f-5ccd-4d9a-9bb2-a7a998c702ad,1629331200000,
,0341e1a9-495e-4c7c-9f05-8e1a234fffe8.extra_data.json,0.0,2022253,1434.0691,2021-08-25 15:00:02.061,2021-08-24 15:00:01.593,107.66968,V57RQzDK0T,com.sec.android.app.shealth,0341e1a9-495e-4c7c-9f05-8e1a234fffe8,1629849600000,
,81ea170f-cd09-405f-ad7e-5bf8b4422b14.extra_data.json,0.0,1919873,1435.8092,2021-09-23 15:00:00.568,2021-09-22 15:00:01.301,107.038536,V57RQzDK0T,com.sec.android.app.shealth,81ea170f-cd09-405f-ad7e-5bf8b4422b14,1632355200000,
,700bb791-7a09-4bfe-95ce-c5013d5b8666.extra_data.json,0.0,3233355,1413.4856,2021-09-01 15:00:05.584,2021-08-31 15:00:00.892,192.89957,V57RQzDK0T,com.sec.android.app.shealth,700bb791-7a09-4bfe-95ce-c5013d5b8666,1630454400000,
,4f64fc05-9e7a-4a89-bdb2-3f8a59ab5e64.extra_data.json,0.0,1065537,1450.3293,2021-08-15 15:00:02.080,2021-08-14 15:00:01.327,77.81372,V57RQzDK0T,com.sec.android.app.shealth,4f64fc05-9e7a-4a89-bdb2-3f8a59ab5e64,1628985600000,
,33c92710-82c5-4380-bac3-84869f3e2637.extra_data.json,0.0,6114822,1364.5126,2021-09-16 17:47:05.096,2021-09-15 15:00:01.570,337.0728,V57RQzDK0T,com.sec.android.app.shealth,33c92710-82c5-4380-bac3-84869f3e2637,1631750400000,
,c2be96ce-44b1-47ec-8ce9-cccce1b619f2.extra_data.json,0.0,3191879,1414.1904,2021-08-10 15:00:08.965,2021-08-09 15:00:02.031,177.65225,V57RQzDK0T,com.sec.android.app.shealth,c2be96ce-44b1-47ec-8ce9-cccce1b619f2,1628553600000,
,1b0834db-8a50-46f3-9ab1-00ae8c9be32e.extra_data.json,0.0,2586190,1424.4846,2021-09-01 13:41:22.857,2021-08-30 15:00:00.998,140.2981,V57RQzDK0T,com.sec.android.app.shealth,1b0834db-8a50-46f3-9ab1-00ae8c9be32e,1630368000000,
,30892af9-ac62-468a-8855-2a984f618a02.extra_data.json,167.8,887627,1453.3531,2021-10-22 20:26:03.822,2021-09-28 15:00:02.373,48.79457,V57RQzDK0T,com.sec.android.app.shealth,30892af9-ac62-468a-8855-2a984f618a02,1632873600000,
,7cd3b04d-ab5c-471c-a440-699177332287.extra_data.json,0.0,10672,1468.2577,2021-08-21 15:00:00.630,2021-08-20 15:00:01.924,0.57558304,V57RQzDK0T,com.sec.android.app.shealth,7cd3b04d-ab5c-471c-a440-699177332287,1629504000000,
,de10b685-146e-4034-a11d-37e5de41dede.extra_data.json,0.0,6909986,1350.9982,2021-08-16 16:05:20.112,2021-08-15 15:00:01.957,381.12604,V57RQzDK0T,com.sec.android.app.shealth,de10b685-146e-4034-a11d-37e5de41dede,1629072000000,
,340c5430-f1f4-4a07-8d6f-19015fc37e97.extra_data.json,0.0,157412,1465.7638,2021-09-22 15:00:01.883,2021-09-21 15:15:15.925,8.360437,V57RQzDK0T,com.sec.android.app.shealth,340c5430-f1f4-4a07-8d6f-19015fc37e97,1632268800000,
,991ef3e7-9b24-483c-909d-1002e6839370.extra_data.json,0.0,3245731,1413.2753,2021-09-07 15:00:02.517,2021-09-06 15:08:56.945,179.12149,V57RQzDK0T,com.sec.android.app.shealth,991ef3e7-9b24-483c-909d-1002e6839370,1630972800000,
,a2780e0d-398a-42e4-927d-d78bccc2b916.extra_data.json,0.0,3558459,1407.9601,2021-10-10 11:35:05.495,2021-09-12 15:00:01.744,197.46194,V57RQzDK0T,com.sec.android.app.shealth,a2780e0d-398a-42e4-927d-d78bccc2b916,1631491200000,
,32a065aa-56dc-4576-b650-d4bf9bce4f2c.extra_data.json,0.0,48024,1467.6228,2021-10-29 17:12:44.754,2021-10-04 15:00:00.451,2.571579,V57RQzDK0T,com.sec.android.app.shealth,32a065aa-56dc-4576-b650-d4bf9bce4f2c,1633392000000,
,6b9d0533-dbfb-48e2-9898-59e65ece7b32.extra_data.json,0.0,69368,1467.26,2021-08-22 15:00:02.667,2021-08-21 15:00:00.516,3.7171798,V57RQzDK0T,com.sec.android.app.shealth,6b9d0533-dbfb-48e2-9898-59e65ece7b32,1629590400000,
,43b228dd-af6a-4e06-84b8-85e5ffe14f0d.extra_data.json,0.0,1113043,1449.522,2021-10-22 20:26:03.792,2021-09-27 15:00:02.286,61.739944,V57RQzDK0T,com.sec.android.app.shealth,43b228dd-af6a-4e06-84b8-85e5ffe14f0d,1632787200000,
,afe514e8-e1b2-4299-88ee-02fbabe863d4.extra_data.json,0.0,3718652,1405.2374,2021-08-28 02:23:12.538,2021-08-26 15:00:01.766,206.8444,V57RQzDK0T,com.sec.android.app.shealth,afe514e8-e1b2-4299-88ee-02fbabe863d4,1630022400000,
,4f542455-fe8b-4d21-ad89-9f1b4f4b577e.extra_data.json,0.0,3466033,1409.531,2021-09-06 15:08:57.358,2021-09-05 15:00:01.045,189.5056,V57RQzDK0T,com.sec.android.app.shealth,4f542455-fe8b-4d21-ad89-9f1b4f4b577e,1630886400000,
,bafed6a6-59d4-4fb9-a83f-aeaf8b323221.extra_data.json,0.0,3645871,1406.4745,2021-08-28 15:00:01.877,2021-08-27 15:00:00.698,201.8968,V57RQzDK0T,com.sec.android.app.shealth,bafed6a6-59d4-4fb9-a83f-aeaf8b323221,1630108800000,
,533bcfac-359f-4473-8cc0-d3bf30524b44.extra_data.json,0.0,1785469,1438.0935,2021-10-29 17:12:44.722,2021-10-03 15:00:00.484,95.906876,V57RQzDK0T,com.sec.android.app.shealth,533bcfac-359f-4473-8cc0-d3bf30524b44,1633305600000,
,d0de7b18-3624-4082-a400-933164484eb6.extra_data.json,0.0,414207,1461.3992,2021-10-15 21:41:02.850,2021-09-18 15:00:02.097,21.931297,V57RQzDK0T,com.sec.android.app.shealth,d0de7b18-3624-4082-a400-933164484eb6,1632009600000,
,e6714810-d51d-477e-bef2-2dfa4ea6ca4b.extra_data.json,0.0,5177489,1380.4434,2021-10-15 17:15:59.907,2021-10-10 15:17:39.726,276.11475,V57RQzDK0T,com.sec.android.app.shealth,e6714810-d51d-477e-bef2-2dfa4ea6ca4b,1633910400000,
,96ec78c0-ccc9-4642-be46-cae9e3702949.extra_data.json,0.0,7985772,1332.7142,2021-09-02 15:00:01.023,2021-09-01 15:00:04.645,456.4686,V57RQzDK0T,com.sec.android.app.shealth,96ec78c0-ccc9-4642-be46-cae9e3702949,1630540800000,
,bd287d00-483b-47d4-b566-6d4a2923747b.extra_data.json,0.0,0,1468.4391,2021-10-09 02:51:04.076,2021-09-11 15:00:01.693,0.0,V57RQzDK0T,com.sec.android.app.shealth,bd287d00-483b-47d4-b566-6d4a2923747b,1631404800000,
,5f1b1a95-ab57-46a9-b30f-f814752d8a29.extra_data.json,0.0,64032,1467.3507,2021-09-25 15:00:00.568,2021-09-24 15:00:01.929,3.3868687,V57RQzDK0T,com.sec.android.app.shealth,5f1b1a95-ab57-46a9-b30f-f814752d8a29,1632528000000,
,2150b427-b15f-4dab-983e-0f5262384a33.extra_data.json,0.0,17429054,1172.2179,2021-10-17 15:00:00.946,2021-10-16 16:36:27.671,1233.878,V57RQzDK0T,com.sec.android.app.shealth,2150b427-b15f-4dab-983e-0f5262384a33,1634428800000,
,6199a0fb-61c1-45da-ae06-6b01e297bbf3.extra_data.json,0.0,947670,1452.3325,2021-09-18 15:00:02.278,2021-09-17 17:06:52.634,49.925346,V57RQzDK0T,com.sec.android.app.shealth,6199a0fb-61c1-45da-ae06-6b01e297bbf3,1631923200000,
,0954d93c-42c7-40d9-8852-ab022388a3e1.extra_data.json,0.0,4366990,1394.2184,2021-09-08 15:00:01.556,2021-09-07 15:00:02.277,241.79797,V57RQzDK0T,com.sec.android.app.shealth,0954d93c-42c7-40d9-8852-ab022388a3e1,1631059200000,
,fe445288-f9db-4915-b620-31ab6a0825ba.extra_data.json,0.0,249719,1464.1948,2021-10-10 15:17:39.858,2021-10-09 16:08:05.687,14.807539,V57RQzDK0T,com.sec.android.app.shealth,fe445288-f9db-4915-b620-31ab6a0825ba,1633824000000,
,f965ccc5-ca89-4ea4-abce-742564cf179a.extra_data.json,0.0,1023725,1451.0399,2021-09-24 15:00:02.365,2021-09-23 15:00:00.482,55.754517,V57RQzDK0T,com.sec.android.app.shealth,f965ccc5-ca89-4ea4-abce-742564cf179a,1632441600000,
,008366c9-13e4-4f28-b2a3-9d20e0c665e3.extra_data.json,0.0,4114305,1398.5131,2021-10-23 15:00:01.039,2021-10-22 15:28:14.502,259.88882,V57RQzDK0T,com.sec.android.app.shealth,008366c9-13e4-4f28-b2a3-9d20e0c665e3,1634947200000,
,14b2e84f-c170-4b35-836d-cafc149b1e50.extra_data.json,0.0,3773450,1404.3062,2021-09-04 13:03:51.054,2021-09-02 15:00:00.817,204.99849,V57RQzDK0T,com.sec.android.app.shealth,14b2e84f-c170-4b35-836d-cafc149b1e50,1630627200000,
,fd86050f-e54c-4021-b96c-bbf9ece3947c.extra_data.json,0.0,2188007,1431.2521,2021-10-22 20:26:03.896,2021-09-30 15:00:02.424,121.972824,V57RQzDK0T,com.sec.android.app.shealth,fd86050f-e54c-4021-b96c-bbf9ece3947c,1633046400000,
,0cf31fac-5249-48f3-a3db-07f59a9573dd.extra_data.json,0.0,4967549,1384.0114,2021-10-10 11:35:05.521,2021-09-13 15:00:01.861,270.53516,V57RQzDK0T,com.sec.android.app.shealth,0cf31fac-5249-48f3-a3db-07f59a9573dd,1631577600000,
,6dbf1418-83b2-46e0-8263-9dab0c110e0a.extra_data.json,0.0,8962731,1316.1101,2021-10-16 16:36:28.017,2021-10-15 15:00:01.756,542.81116,V57RQzDK0T,com.sec.android.app.shealth,6dbf1418-83b2-46e0-8263-9dab0c110e0a,1634342400000,
,9564c828-fb8e-470b-9c1f-cf667c1ea605.extra_data.json,114.6,718966,1456.2196,2021-10-22 20:26:03.860,2021-09-29 15:00:02.072,39.304565,V57RQzDK0T,com.sec.android.app.shealth,9564c828-fb8e-470b-9c1f-cf667c1ea605,1632960000000,
,230b2768-053f-46ad-a88e-8ddab048f5b7.extra_data.json,0.0,4985529,1383.7059,2021-10-29 17:12:45.428,2021-10-28 15:00:00.576,297.42712,V57RQzDK0T,com.sec.android.app.shealth,230b2768-053f-46ad-a88e-8ddab048f5b7,1635465600000,
,b4537478-b81b-49e3-9ec9-3445f7b83868.extra_data.json,0.0,1795901,1437.9161,2021-10-29 17:12:44.788,2021-10-05 15:00:50.371,100.14491,V57RQzDK0T,com.sec.android.app.shealth,b4537478-b81b-49e3-9ec9-3445f7b83868,1633478400000,
,b97da249-03db-4918-8c9a-415d3e7f0947.extra_data.json,0.0,5008716,1383.3118,2021-09-09 15:00:02.242,2021-09-08 15:00:01.191,279.35522,V57RQzDK0T,com.sec.android.app.shealth,b97da249-03db-4918-8c9a-415d3e7f0947,1631145600000,
,764d192f-cddd-4ed5-8e9b-a756423e77f0.extra_data.json,0.0,3916332,1401.8777,2021-11-04 15:00:02.629,2021-11-03 15:00:00.607,221.56842,V57RQzDK0T,com.sec.android.app.shealth,764d192f-cddd-4ed5-8e9b-a756423e77f0,1635984000000,
,10b01e1f-d4ac-4d0d-af6d-0119dbdfb0e8.extra_data.json,0.0,1399366,1444.6556,2021-10-15 21:41:02.889,2021-09-19 15:00:01.317,73.28685,V57RQzDK0T,com.sec.android.app.shealth,10b01e1f-d4ac-4d0d-af6d-0119dbdfb0e8,1632096000000,
,0ec21bcb-58cb-4ca8-bc3c-0d8e07a50b28.extra_data.json,0.0,1515731,1442.678,2021-10-07 15:00:02.283,2021-10-06 15:00:00.559,84.760925,V57RQzDK0T,com.sec.android.app.shealth,0ec21bcb-58cb-4ca8-bc3c-0d8e07a50b28,1633564800000,
,b6cd8d7c-6914-4196-b301-1ed35780a172.extra_data.json,0.0,5720129,1371.2207,2021-10-22 17:07:50.360,2021-10-21 15:00:00.659,351.18018,V57RQzDK0T,com.sec.android.app.shealth,b6cd8d7c-6914-4196-b301-1ed35780a172,1634860800000,
,7be15073-3ee3-4bf0-add4-86672baa4a9e.extra_data.json,0.0,5239450,1379.3903,2021-09-16 17:47:05.059,2021-09-14 15:00:01.969,285.71796,V57RQzDK0T,com.sec.android.app.shealth,7be15073-3ee3-4bf0-add4-86672baa4a9e,1631664000000,
,a4c19733-816b-4310-be92-38d380a80393.extra_data.json,0.0,4614634,1390.0095,2021-10-29 17:12:45.392,2021-10-27 15:00:00.954,249.66824,V57RQzDK0T,com.sec.android.app.shealth,a4c19733-816b-4310-be92-38d380a80393,1635379200000,
,2a8ec337-d2ea-4e89-8d94-3f1b3dc9307b.extra_data.json,0.0,1830098,1437.3351,2021-10-15 17:15:59.954,2021-10-11 15:00:02.257,98.35911,V57RQzDK0T,com.sec.android.app.shealth,2a8ec337-d2ea-4e89-8d94-3f1b3dc9307b,1633996800000,
,5f8846eb-9327-464a-bec2-a44f2ec108f0.extra_data.json,0.0,147407,1465.9337,2021-10-22 20:26:03.721,2021-09-25 15:00:00.427,7.8229446,V57RQzDK0T,com.sec.android.app.shealth,5f8846eb-9327-464a-bec2-a44f2ec108f0,1632614400000,
,0bd2959f-846f-49a6-bde6-258ff208a098.extra_data.json,0.0,4743065,1387.8268,2021-10-15 17:15:59.995,2021-10-12 15:15:18.728,260.80627,V57RQzDK0T,com.sec.android.app.shealth,0bd2959f-846f-49a6-bde6-258ff208a098,1634083200000,
,3ea80a59-624a-4d69-9ecd-86f769ca4010.extra_data.json,0.0,6221855,1362.6935,2021-11-10 15:00:02.071,2021-11-09 15:00:01.871,382.0935,V57RQzDK0T,com.sec.android.app.shealth,3ea80a59-624a-4d69-9ecd-86f769ca4010,1636502400000,
,3016227e-9abe-4ba9-8a50-492451118cf9.extra_data.json,0.0,147407,1465.9337,2021-10-15 21:41:02.924,2021-09-20 15:10:50.668,7.847145,V57RQzDK0T,com.sec.android.app.shealth,3016227e-9abe-4ba9-8a50-492451118cf9,1632182400000,
,09ff191a-8c70-4898-b2e5-8836aee85fb7.extra_data.json,0.0,4224149,1396.6461,2021-11-03 15:00:01.216,2021-11-02 15:00:00.746,236.52951,V57RQzDK0T,com.sec.android.app.shealth,09ff191a-8c70-4898-b2e5-8836aee85fb7,1635897600000,
,191c610a-baf6-425e-bd7f-3de4db00fe58.extra_data.json,0.0,4479399,1392.308,2021-10-19 15:00:02.578,2021-10-18 15:00:02.815,246.65909,V57RQzDK0T,com.sec.android.app.shealth,191c610a-baf6-425e-bd7f-3de4db00fe58,1634601600000,
,d1dcce8d-df8a-441b-9025-0dd6e69065b5.extra_data.json,0.0,1599953,1441.2466,2021-11-16 16:23:23.847,2021-11-15 15:00:00.628,86.84622,V57RQzDK0T,com.sec.android.app.shealth,d1dcce8d-df8a-441b-9025-0dd6e69065b5,1637020800000,
,37daae4d-a80d-41fb-8f9d-b69a05119d30.extra_data.json,0.0,4736871,1387.932,2021-11-09 15:00:02.639,2021-11-08 15:00:00.545,283.69238,V57RQzDK0T,com.sec.android.app.shealth,37daae4d-a80d-41fb-8f9d-b69a05119d30,1636416000000,
,9ab85474-f279-4869-9677-cfeec65847eb.extra_data.json,0.0,1513820,1442.7103,2021-10-22 20:26:03.758,2021-09-26 15:00:00.522,83.00608,V57RQzDK0T,com.sec.android.app.shealth,9ab85474-f279-4869-9677-cfeec65847eb,1632700800000,
,950ff159-5a99-4d70-a3f1-fd7b6e1cb329.extra_data.json,0.0,652993,1457.341,2021-10-02 15:00:08.664,2021-10-01 15:00:01.497,35.167187,V57RQzDK0T,com.sec.android.app.shealth,950ff159-5a99-4d70-a3f1-fd7b6e1cb329,1633132800000,
,b4d3e339-2e7a-4015-a600-20469d5bf364.extra_data.json,0.0,4837437,1386.2228,2021-10-29 17:12:45.222,2021-10-24 15:00:00.809,267.3558,V57RQzDK0T,com.sec.android.app.shealth,b4d3e339-2e7a-4015-a600-20469d5bf364,1635120000000,
,ddf02c4f-fc49-49de-9447-e176efb0f2e9.extra_data.json,0.0,4681147,1388.8792,2021-10-18 15:00:03.380,2021-10-17 15:00:00.743,256.1485,V57RQzDK0T,com.sec.android.app.shealth,ddf02c4f-fc49-49de-9447-e176efb0f2e9,1634515200000,
,c4361e2e-5ccf-476c-9b4f-991d8d1bcbe8.extra_data.json,0.0,61364,1467.3961,2021-10-31 15:00:01.173,2021-10-30 15:12:50.647,3.238041,V57RQzDK0T,com.sec.android.app.shealth,c4361e2e-5ccf-476c-9b4f-991d8d1bcbe8,1635638400000,
,4e2c5257-198d-4013-ae3e-75acf3238577.extra_data.json,0.0,184759,1465.2988,2021-10-29 17:12:44.663,2021-10-02 15:00:01.785,9.909733,V57RQzDK0T,com.sec.android.app.shealth,4e2c5257-198d-4013-ae3e-75acf3238577,1633219200000,
,fd4fed21-d265-4d06-a0b0-0128215b890c.extra_data.json,0.0,3763053,1404.4828,2021-11-15 15:00:01.334,2021-11-14 15:00:01.203,221.72917,V57RQzDK0T,com.sec.android.app.shealth,fd4fed21-d265-4d06-a0b0-0128215b890c,1636934400000,
,5c6950f0-1848-4fe5-8ff6-ba9c32c1e3a3.extra_data.json,0.0,546406,1459.1523,2021-10-09 16:08:05.943,2021-10-08 16:18:32.573,29.482695,V57RQzDK0T,com.sec.android.app.shealth,5c6950f0-1848-4fe5-8ff6-ba9c32c1e3a3,1633737600000,
,3cd40c08-55a9-4df4-94a7-4245290660ca.extra_data.json,0.0,1099006,1449.7605,2021-10-08 16:18:32.870,2021-10-07 15:00:02.170,61.133972,V57RQzDK0T,com.sec.android.app.shealth,3cd40c08-55a9-4df4-94a7-4245290660ca,1633651200000,
,36b53f2b-7408-4e80-a09d-6bd15c0acd97.extra_data.json,0.0,863675,1453.7603,2021-11-22 15:00:01.478,2021-11-21 15:00:01.005,47.095673,V57RQzDK0T,com.sec.android.app.shealth,36b53f2b-7408-4e80-a09d-6bd15c0acd97,1637539200000,
,ce8dd0b9-99fc-44b5-840f-4aa4459a8abf.extra_data.json,0.0,3888557,1402.3497,2021-11-21 15:00:01.655,2021-11-20 15:34:38.685,219.9863,V57RQzDK0T,com.sec.android.app.shealth,ce8dd0b9-99fc-44b5-840f-4aa4459a8abf,1637452800000,
,299379ea-ecf7-4aae-a4ab-42085f297a12.extra_data.json,0.0,20526511,1119.5741,2021-10-24 15:00:10.467,2021-10-23 15:00:00.869,1506.2401,V57RQzDK0T,com.sec.android.app.shealth,299379ea-ecf7-4aae-a4ab-42085f297a12,1635033600000,
,4c5a4e82-28b0-4b16-89cc-a97b426c2cfd.extra_data.json,0.0,35351,1467.8381,2021-11-06 17:07:49.255,2021-11-05 15:00:01.205,1.8882565,V57RQzDK0T,com.sec.android.app.shealth,4c5a4e82-28b0-4b16-89cc-a97b426c2cfd,1636156800000,
,7b4a6cd6-fead-4fdc-afbb-386a988790cf.extra_data.json,0.0,5096785,1381.815,2021-10-15 17:16:00.025,2021-10-13 15:00:01.399,281.58575,V57RQzDK0T,com.sec.android.app.shealth,7b4a6cd6-fead-4fdc-afbb-386a988790cf,1634169600000,
,7cc94328-aed8-44eb-8b91-c4a0908b695d.extra_data.json,0.0,4881652,1385.4714,2021-10-15 17:16:00.061,2021-10-14 15:00:01.225,263.54858,V57RQzDK0T,com.sec.android.app.shealth,7cc94328-aed8-44eb-8b91-c4a0908b695d,1634256000000,
,33cb9cfa-a596-4466-af53-3fc85c1c85a4.extra_data.json,0.0,547473,1459.1343,2021-11-28 15:00:01.180,2021-11-27 15:00:01.890,29.166557,V57RQzDK0T,com.sec.android.app.shealth,33cb9cfa-a596-4466-af53-3fc85c1c85a4,1638057600000,
,c59e4227-a628-4a5b-a619-46c8a401f4a6.extra_data.json,0.0,1245926,1447.2634,2021-10-30 15:12:51.015,2021-10-29 16:51:03.511,66.13537,V57RQzDK0T,com.sec.android.app.shealth,c59e4227-a628-4a5b-a619-46c8a401f4a6,1635552000000,
,81e46efc-0ea8-4357-aa8b-e9bfaaa5b71e.extra_data.json,0.0,1824852,1437.4242,2021-11-27 15:00:02.121,2021-11-26 15:04:40.264,96.266495,V57RQzDK0T,com.sec.android.app.shealth,81e46efc-0ea8-4357-aa8b-e9bfaaa5b71e,1637971200000,
,45fe949a-ed94-4a64-93fd-9aa0a7d4e745.extra_data.json,0.0,6817163,1352.5758,2021-11-12 15:30:12.857,2021-11-11 15:00:29.371,427.83087,V57RQzDK0T,com.sec.android.app.shealth,45fe949a-ed94-4a64-93fd-9aa0a7d4e745,1636675200000,
,cb8c0266-7617-4f90-b1ce-c2be58784fd8.extra_data.json,0.0,4317832,1395.054,2021-10-22 17:07:50.330,2021-10-20 15:00:00.578,248.78986,V57RQzDK0T,com.sec.android.app.shealth,cb8c0266-7617-4f90-b1ce-c2be58784fd8,1634774400000,
,bec552a7-47cb-4545-978f-ffa76a1e62a3.extra_data.json,0.0,161414,611.0354,2021-12-04 01:01:53.516,2021-12-03 15:00:01.528,8.5490885,V57RQzDK0T,com.sec.android.app.shealth,bec552a7-47cb-4545-978f-ffa76a1e62a3,1638576000000,
,66a3eae8-352a-4f79-bffa-246d25e98a3f.extra_data.json,0.0,6891307,1351.3157,2021-10-22 17:07:50.304,2021-10-19 15:00:01.984,384.63135,V57RQzDK0T,com.sec.android.app.shealth,66a3eae8-352a-4f79-bffa-246d25e98a3f,1634688000000,
,33875905-6c26-457d-ae5f-d23b3aece6e3.extra_data.json,0.0,4131248,1398.2251,2021-11-05 15:00:01.507,2021-11-04 15:00:02.381,220.28542,V57RQzDK0T,com.sec.android.app.shealth,33875905-6c26-457d-ae5f-d23b3aece6e3,1636070400000,
,23b87cee-bf62-472b-9dfb-456017d1f047.extra_data.json,0.0,11462988,1273.6161,2021-12-03 15:00:02.396,2021-12-02 15:00:04.555,761.0657,V57RQzDK0T,com.sec.android.app.shealth,23b87cee-bf62-472b-9dfb-456017d1f047,1638489600000,
,acb175f6-369d-4b7f-b823-d05330fc6f88.extra_data.json,0.0,5114950,1381.5062,2021-11-18 15:00:14.375,2021-11-17 15:00:01.216,308.76508,V57RQzDK0T,com.sec.android.app.shealth,acb175f6-369d-4b7f-b823-d05330fc6f88,1637193600000,
,3d580f39-8c42-47de-8186-6badde1fcead.extra_data.json,0.0,6985913,1349.7078,2021-10-29 17:12:45.320,2021-10-25 15:00:02.255,397.45917,V57RQzDK0T,com.sec.android.app.shealth,3d580f39-8c42-47de-8186-6badde1fcead,1635206400000,
,bbc5e819-6872-4486-b4b3-eebb9698a7a4.extra_data.json,0.0,4447262,1392.8541,2021-10-29 17:12:45.357,2021-10-26 15:00:00.209,245.38692,V57RQzDK0T,com.sec.android.app.shealth,bbc5e819-6872-4486-b4b3-eebb9698a7a4,1635292800000,
,5a42541f-03cb-404f-940f-b094e975e70b.extra_data.json,0.0,11605001,1271.2025,2021-11-11 15:00:29.935,2021-11-10 15:00:00.721,769.43524,V57RQzDK0T,com.sec.android.app.shealth,5a42541f-03cb-404f-940f-b094e975e70b,1636588800000,
,162057b9-3dde-41a2-8da3-08ada91e3398.extra_data.json,0.0,4157340,1397.7815,2021-11-24 15:00:02.298,2021-11-23 15:00:00.796,227.4256,V57RQzDK0T,com.sec.android.app.shealth,162057b9-3dde-41a2-8da3-08ada91e3398,1637712000000,
,da21d944-d484-42b1-b3fd-78fe11a6a4d9.extra_data.json,0.0,2310676,1429.1672,2021-11-28 09:36:21.570,2021-10-31 15:00:00.632,125.087746,V57RQzDK0T,com.sec.android.app.shealth,da21d944-d484-42b1-b3fd-78fe11a6a4d9,1635724800000,
,ac43a2df-db94-4240-9733-d88493d0af80.extra_data.json,0.0,4944688,1384.4,2021-11-02 15:00:00.938,2021-11-01 15:00:00.690,304.7882,V57RQzDK0T,com.sec.android.app.shealth,ac43a2df-db94-4240-9733-d88493d0af80,1635811200000,
,c816155f-75d5-40ce-9ef7-df655fd83c35.extra_data.json,0.0,2711450,1422.3557,2021-11-30 15:00:01.595,2021-11-29 15:00:01.623,154.63031,V57RQzDK0T,com.sec.android.app.shealth,c816155f-75d5-40ce-9ef7-df655fd83c35,1638230400000,
,4e723efa-2154-4631-ad32-e44b362eb0c2.extra_data.json,0.0,6737451,1353.9305,2021-11-17 15:00:02.231,2021-11-16 16:23:23.623,426.73267,V57RQzDK0T,com.sec.android.app.shealth,4e723efa-2154-4631-ad32-e44b362eb0c2,1637107200000,
,6f695374-958f-4d88-848a-c3ebaa6952fb.extra_data.json,0.0,5007317,1383.3354,2021-11-07 15:00:00.866,2021-11-06 17:07:49.069,242.7544,V57RQzDK0T,com.sec.android.app.shealth,6f695374-958f-4d88-848a-c3ebaa6952fb,1636243200000,
,dc901424-46d6-4561-a6a3-fe02322c0674.extra_data.json,0.0,2074707,1433.1777,2021-11-23 15:00:00.912,2021-11-22 15:00:01.262,119.35556,V57RQzDK0T,com.sec.android.app.shealth,dc901424-46d6-4561-a6a3-fe02322c0674,1637625600000,
,06a2f443-577e-4a34-8201-ad243c79584c.extra_data.json,0.0,3280502,1412.6842,2021-11-08 15:00:00.710,2021-11-07 15:00:00.602,180.59459,V57RQzDK0T,com.sec.android.app.shealth,06a2f443-577e-4a34-8201-ad243c79584c,1636329600000,
,416afcfe-72be-4d6b-9a56-787baa22851c.extra_data.json,0.0,1067807,1450.2908,2021-11-14 15:00:01.525,2021-11-13 15:00:00.837,57.09232,V57RQzDK0T,com.sec.android.app.shealth,416afcfe-72be-4d6b-9a56-787baa22851c,1636848000000,
,39c0f8d4-e6d0-451b-b47e-d789180bfa62.extra_data.json,0.0,6119077,1364.4402,2021-11-29 15:00:02.445,2021-11-28 15:00:00.594,343.2154,V57RQzDK0T,com.sec.android.app.shealth,39c0f8d4-e6d0-451b-b47e-d789180bfa62,1638144000000,
,3a9d01f6-55c0-4207-9df9-b6b2a694b2f9.extra_data.json,0.0,1137205,1449.1112,2021-11-13 15:00:01.371,2021-11-12 15:30:12.115,60.681656,V57RQzDK0T,com.sec.android.app.shealth,3a9d01f6-55c0-4207-9df9-b6b2a694b2f9,1636761600000,
,3c8eb1ea-9c62-46cc-b8a3-fec1917bff6c.extra_data.json,0.0,1777555,1438.228,2021-11-20 15:34:39.136,2021-11-19 15:00:00.830,93.7509,V57RQzDK0T,com.sec.android.app.shealth,3c8eb1ea-9c62-46cc-b8a3-fec1917bff6c,1637366400000,
,c5d37022-de33-48f2-b639-ea1eaf92c7b5.extra_data.json,0.0,4388229,1393.8574,2021-11-19 15:00:02.370,2021-11-18 15:00:13.906,238.22723,V57RQzDK0T,com.sec.android.app.shealth,c5d37022-de33-48f2-b639-ea1eaf92c7b5,1637280000000,
,b25d5591-c08a-4445-af72-adc2c6b0e973.extra_data.json,0.0,5153673,1380.8481,2021-11-25 15:00:01.866,2021-11-24 15:00:02.068,281.46176,V57RQzDK0T,com.sec.android.app.shealth,b25d5591-c08a-4445-af72-adc2c6b0e973,1637798400000,
,c357b1ba-c1ed-40bf-9d06-dd7b8214f581.extra_data.json,0.0,4521950,1391.5847,2021-11-26 15:04:40.612,2021-11-25 15:00:01.562,247.31793,V57RQzDK0T,com.sec.android.app.shealth,c357b1ba-c1ed-40bf-9d06-dd7b8214f581,1637884800000,
,66a9e46e-b5fc-42d4-9d0a-8b0b59a8c447.extra_data.json,0.0,4249564,1396.2141,2021-12-01 15:53:42.835,2021-11-30 15:00:01.430,255.5575,V57RQzDK0T,com.sec.android.app.shealth,66a9e46e-b5fc-42d4-9d0a-8b0b59a8c447,1638316800000,
,5b27cbf6-dafa-46ee-8873-41b122643985.extra_data.json,0.0,5962643,1367.099,2021-12-02 15:00:04.990,2021-12-01 15:53:42.352,363.6627,V57RQzDK0T,com.sec.android.app.shealth,5b27cbf6-dafa-46ee-8873-41b122643985,1638403200000,
