,start_date,start_time,amount,update_time,create_time
0,2021-07-12 ,14:59:59.998,250.0,2021-07-13 02:53:55.995,2021-07-13 02:53:55.995
1,2021-07-12 ,14:59:59.998,250.0,2021-07-13 02:53:56.595,2021-07-13 02:53:56.595
2,2021-07-12 ,14:59:59.998,250.0,2021-07-13 02:53:54.630,2021-07-13 02:53:54.630
3,2021-07-12 ,14:59:59.998,250.0,2021-07-13 02:53:55.311,2021-07-13 02:53:55.311
4,2021-07-13 ,02:53:40.136,250.0,2021-07-13 02:53:40.143,2021-07-13 02:53:40.143
5,2021-07-13 ,02:53:40.571,250.0,2021-07-13 02:53:40.577,2021-07-13 02:53:40.577
6,2021-07-13 ,02:53:40.988,250.0,2021-07-13 02:53:40.994,2021-07-13 02:53:40.994
7,2021-07-13 ,02:53:41.356,250.0,2021-07-13 02:53:41.361,2021-07-13 02:53:41.361
8,2021-09-05 ,11:27:14.139,250.0,2021-09-05 11:27:14.148,2021-09-05 11:27:14.148
9,2021-09-05 ,11:27:14.540,250.0,2021-09-05 11:27:14.548,2021-09-05 11:27:14.548
10,2021-09-05 ,11:27:14.856,250.0,2021-09-05 11:27:14.863,2021-09-05 11:27:14.863
11,2021-09-05 ,11:27:15.223,250.0,2021-09-05 11:27:15.229,2021-09-05 11:27:15.229
12,2021-09-05 ,11:27:15.724,250.0,2021-09-05 11:27:15.729,2021-09-05 11:27:15.729
13,2021-09-05 ,11:27:16.058,250.0,2021-09-05 11:27:16.064,2021-09-05 11:27:16.064
14,2021-09-05 ,11:27:16.392,250.0,2021-09-05 11:27:16.398,2021-09-05 11:27:16.398
