active_calories_goal,version,extra_data,com.samsung.shealth.calories_burned.tef_calorie,com.samsung.shealth.calories_burned.active_time,com.samsung.shealth.calories_burned.rest_calorie,start_date,start_time,com.samsung.shealth.calories_burned.create_time,com.samsung.shealth.calories_burned.active_calorie,com.samsung.shealth.calories_burned.deviceuuid,com.samsung.shealth.calories_burned.pkg_name,com.samsung.shealth.calories_burned.datauuid,com.samsung.shealth.calories_burned.day_time
,,011b7154-6a2b-4799-aff6-ff0187569539.extra_data.json,0.0,0,1536.563,2021-07-03 ,02:08:28.358,2021-07-03 02:08:28.358,0.0,OvMFo+Qpk+,com.sec.android.app.shealth,011b7154-6a2b-4799-aff6-ff0187569539,1622937600000
,,406c3a51-c9ca-4e68-9bf6-abd43f4feaf6.extra_data.json,0.0,0,1536.563,2021-07-03 ,02:08:28.362,2021-07-03 02:08:28.362,0.0,OvMFo+Qpk+,com.sec.android.app.shealth,406c3a51-c9ca-4e68-9bf6-abd43f4feaf6,1623024000000
,,343a433a-5235-4900-ac3c-d3124eb587c5.extra_data.json,0.0,0,1536.563,2021-07-03 ,02:08:28.371,2021-07-03 02:08:28.371,0.0,OvMFo+Qpk+,com.sec.android.app.shealth,343a433a-5235-4900-ac3c-d3124eb587c5,1623110400000
,,e5913738-8aa1-4e68-847a-d2491bbbc1cd.extra_data.json,0.0,0,1536.563,2021-07-03 ,02:08:28.379,2021-07-03 02:08:28.379,0.0,OvMFo+Qpk+,com.sec.android.app.shealth,e5913738-8aa1-4e68-847a-d2491bbbc1cd,1623196800000
,,12fda617-f909-4b73-a75e-454fd3ea12db.extra_data.json,0.0,0,1536.563,2021-07-03 ,02:08:28.388,2021-07-03 02:08:28.388,0.0,OvMFo+Qpk+,com.sec.android.app.shealth,12fda617-f909-4b73-a75e-454fd3ea12db,1623283200000
,,15a865cd-febd-4f46-9375-f9f0d651c731.extra_data.json,0.0,0,1536.563,2021-07-03 ,02:08:28.393,2021-07-03 02:08:28.393,0.0,OvMFo+Qpk+,com.sec.android.app.shealth,15a865cd-febd-4f46-9375-f9f0d651c731,1623369600000
,,7b928fb1-ef97-41f8-8839-96f27dac568b.extra_data.json,0.0,0,1536.563,2021-07-03 ,02:08:28.396,2021-07-03 02:08:28.396,0.0,OvMFo+Qpk+,com.sec.android.app.shealth,7b928fb1-ef97-41f8-8839-96f27dac568b,1623456000000
,,3d5937a5-e668-488d-a6cc-8aac8da4d0cb.extra_data.json,0.0,0,1536.563,2021-07-03 ,02:08:28.407,2021-07-03 02:08:28.407,0.0,OvMFo+Qpk+,com.sec.android.app.shealth,3d5937a5-e668-488d-a6cc-8aac8da4d0cb,1623542400000
,,2df1016d-7a92-4304-9cd4-5ea0988072bd.extra_data.json,0.0,0,1536.563,2021-07-03 ,02:08:28.414,2021-07-03 02:08:28.414,0.0,OvMFo+Qpk+,com.sec.android.app.shealth,2df1016d-7a92-4304-9cd4-5ea0988072bd,1623628800000
,,ad24efa3-4471-425b-a4eb-32a225b8b896.extra_data.json,0.0,0,1536.563,2021-07-03 ,02:08:28.422,2021-07-03 02:08:28.422,0.0,OvMFo+Qpk+,com.sec.android.app.shealth,ad24efa3-4471-425b-a4eb-32a225b8b896,1623715200000
,,8c081300-f00a-41ba-bd8c-5a8b3d1549fc.extra_data.json,0.0,0,1536.563,2021-07-03 ,02:08:28.431,2021-07-03 02:08:28.431,0.0,OvMFo+Qpk+,com.sec.android.app.shealth,8c081300-f00a-41ba-bd8c-5a8b3d1549fc,1623801600000
,,8c1e64ea-708a-4e7f-a550-969d73de16a5.extra_data.json,0.0,0,1536.563,2021-07-03 ,02:08:28.441,2021-07-03 02:08:28.441,0.0,OvMFo+Qpk+,com.sec.android.app.shealth,8c1e64ea-708a-4e7f-a550-969d73de16a5,1623888000000
,,a10e093a-c131-45d2-9af2-3d2c51638741.extra_data.json,0.0,0,1536.563,2021-07-03 ,02:08:28.454,2021-07-03 02:08:28.454,0.0,OvMFo+Qpk+,com.sec.android.app.shealth,a10e093a-c131-45d2-9af2-3d2c51638741,1623974400000
,,d2da81b9-23b1-48b3-90ff-bc5607cd013d.extra_data.json,0.0,0,1536.563,2021-07-03 ,02:08:28.461,2021-07-03 02:08:28.461,0.0,OvMFo+Qpk+,com.sec.android.app.shealth,d2da81b9-23b1-48b3-90ff-bc5607cd013d,1624060800000
,,0f20d356-b218-4d4a-984d-f8d94bd1ce98.extra_data.json,0.0,0,1536.563,2021-07-03 ,02:08:28.471,2021-07-03 02:08:28.471,0.0,OvMFo+Qpk+,com.sec.android.app.shealth,0f20d356-b218-4d4a-984d-f8d94bd1ce98,1624147200000
,,2bbdd166-e327-4f87-abea-06353450c2a9.extra_data.json,0.0,0,1536.563,2021-07-03 ,02:08:28.475,2021-07-03 02:08:28.475,0.0,OvMFo+Qpk+,com.sec.android.app.shealth,2bbdd166-e327-4f87-abea-06353450c2a9,1624233600000
,,e8194d0b-383c-46e8-a953-51982830ab36.extra_data.json,0.0,0,1536.563,2021-07-03 ,02:08:28.479,2021-07-03 02:08:28.479,0.0,OvMFo+Qpk+,com.sec.android.app.shealth,e8194d0b-383c-46e8-a953-51982830ab36,1624320000000
,,117c89b9-5998-4e55-adc1-c843023f642f.extra_data.json,0.0,0,1536.563,2021-07-03 ,02:08:28.490,2021-07-03 02:08:28.490,0.0,OvMFo+Qpk+,com.sec.android.app.shealth,117c89b9-5998-4e55-adc1-c843023f642f,1624406400000
,,afa88083-9760-4823-83b7-fa19ef02e019.extra_data.json,0.0,0,1536.563,2021-07-03 ,02:08:28.494,2021-07-03 02:08:28.494,0.0,OvMFo+Qpk+,com.sec.android.app.shealth,afa88083-9760-4823-83b7-fa19ef02e019,1624492800000
,,fc780115-1047-4f4f-a787-709721c152a6.extra_data.json,0.0,0,1536.563,2021-07-03 ,02:08:28.497,2021-07-03 02:08:28.497,0.0,OvMFo+Qpk+,com.sec.android.app.shealth,fc780115-1047-4f4f-a787-709721c152a6,1624579200000
,,11d504a2-7dab-4a72-8873-ef98766039c5.extra_data.json,0.0,0,1536.563,2021-07-03 ,02:08:28.507,2021-07-03 02:08:28.507,0.0,OvMFo+Qpk+,com.sec.android.app.shealth,11d504a2-7dab-4a72-8873-ef98766039c5,1624665600000
,,698c5f02-a6a3-4ad3-ad77-6103432c64d1.extra_data.json,0.0,0,1536.563,2021-07-03 ,02:08:28.512,2021-07-03 02:08:28.512,0.0,OvMFo+Qpk+,com.sec.android.app.shealth,698c5f02-a6a3-4ad3-ad77-6103432c64d1,1624752000000
,,1f0c1b55-c980-48f1-9d83-48abb43b77b4.extra_data.json,0.0,0,1536.563,2021-07-03 ,02:08:28.516,2021-07-03 02:08:28.516,0.0,OvMFo+Qpk+,com.sec.android.app.shealth,1f0c1b55-c980-48f1-9d83-48abb43b77b4,1624838400000
,,ce601eb3-18d7-4f9a-ae93-6019555920b0.extra_data.json,0.0,0,1536.563,2021-07-03 ,02:08:28.522,2021-07-03 02:08:28.522,0.0,OvMFo+Qpk+,com.sec.android.app.shealth,ce601eb3-18d7-4f9a-ae93-6019555920b0,1624924800000
,,72201546-9ecd-49e1-9ec5-338211ec4c40.extra_data.json,0.0,0,1536.563,2021-07-03 ,02:08:28.527,2021-07-03 02:08:28.527,0.0,OvMFo+Qpk+,com.sec.android.app.shealth,72201546-9ecd-49e1-9ec5-338211ec4c40,1625011200000
,,d403fe4d-7c29-48d8-aa2c-9a61fb3b700c.extra_data.json,0.0,0,1536.563,2021-07-03 ,02:08:28.531,2021-07-03 02:08:28.531,0.0,OvMFo+Qpk+,com.sec.android.app.shealth,d403fe4d-7c29-48d8-aa2c-9a61fb3b700c,1625097600000
,,c305ae3f-0741-49b0-9494-2ca84ca7628f.extra_data.json,0.0,0,1536.563,2021-07-03 ,02:08:28.538,2021-07-03 02:08:28.538,0.0,OvMFo+Qpk+,com.sec.android.app.shealth,c305ae3f-0741-49b0-9494-2ca84ca7628f,1625184000000
,,eb60bdbf-1aba-41ec-b527-0a8adcac271c.extra_data.json,0.0,1324422,1513.009,2021-07-03 ,15:07:26.365,2021-07-03 02:08:26.661,79.25,OvMFo+Qpk+,com.sec.android.app.shealth,eb60bdbf-1aba-41ec-b527-0a8adcac271c,1625270400000
,,1bb0e207-f5a3-48d5-abf4-2987341bd29c.extra_data.json,0.0,1417802,1511.3484,2021-07-04 ,15:49:16.013,2021-07-03 15:07:26.243,83.33001,OvMFo+Qpk+,com.sec.android.app.shealth,1bb0e207-f5a3-48d5-abf4-2987341bd29c,1625356800000
,,cfc67b0c-e518-407d-93f9-2200e887f763.extra_data.json,0.0,1337125,1512.7831,2021-07-05 ,16:02:58.192,2021-07-04 15:49:14.983,83.930016,OvMFo+Qpk+,com.sec.android.app.shealth,cfc67b0c-e518-407d-93f9-2200e887f763,1625443200000
,,44a94d78-622b-459e-9323-138ad0d8116a.extra_data.json,0.0,1282607,1513.7527,2021-07-06 ,15:18:32.408,2021-07-05 16:02:57.983,73.45999,OvMFo+Qpk+,com.sec.android.app.shealth,44a94d78-622b-459e-9323-138ad0d8116a,1625529600000
,,e92ba7bb-5dda-4a3e-a0d1-fe94bf72da5f.extra_data.json,0.0,2300166,1495.6561,2021-07-07 ,15:00:00.499,2021-07-06 15:18:32.202,137.63,OvMFo+Qpk+,com.sec.android.app.shealth,e92ba7bb-5dda-4a3e-a0d1-fe94bf72da5f,1625616000000
,,e157c8ea-b2f6-45cc-b7dc-411047039a6e.extra_data.json,0.0,2897533,1485.0323,2021-07-08 ,15:00:02.512,2021-07-07 15:00:00.302,168.08002,OvMFo+Qpk+,com.sec.android.app.shealth,e157c8ea-b2f6-45cc-b7dc-411047039a6e,1625702400000
,,93340a45-e36d-4842-87e9-c28e0f73f68e.extra_data.json,0.0,4523009,1456.1245,2021-07-09 ,16:27:59.724,2021-07-08 15:00:02.217,283.16135,OvMFo+Qpk+,com.sec.android.app.shealth,93340a45-e36d-4842-87e9-c28e0f73f68e,1625788800000
,,7070f8ff-f4e2-465c-ba27-a5243ca1b2a1.extra_data.json,0.0,801067,1522.3167,2021-07-10 ,15:00:00.556,2021-07-09 16:27:58.712,42.43431,OvMFo+Qpk+,com.sec.android.app.shealth,7070f8ff-f4e2-465c-ba27-a5243ca1b2a1,1625875200000
,,7dfe5a33-11c2-4488-ab33-4bf7fc09f0e6.extra_data.json,0.0,3356204,1476.8752,2021-07-11 ,15:00:00.834,2021-07-10 15:00:00.491,191.52155,OvMFo+Qpk+,com.sec.android.app.shealth,7dfe5a33-11c2-4488-ab33-4bf7fc09f0e6,1625961600000
,,b2632593-6b7a-480a-a02a-fa59fa958334.extra_data.json,0.0,2452716,1492.9431,2021-07-12 ,15:00:00.606,2021-07-11 15:00:00.740,146.46945,OvMFo+Qpk+,com.sec.android.app.shealth,b2632593-6b7a-480a-a02a-fa59fa958334,1626048000000
,,f4fefa06-50fc-41db-9f88-d63ac32aaa40.extra_data.json,0.0,1031911,1518.2112,2021-07-14 ,11:29:35.435,2021-07-12 15:00:00.490,55.000385,OvMFo+Qpk+,com.sec.android.app.shealth,f4fefa06-50fc-41db-9f88-d63ac32aaa40,1626134400000
,,0a5540bb-189e-43de-9d6e-e5aa66e86344.extra_data.json,0.0,1136372,1516.3535,2021-07-14 ,15:02:53.712,2021-07-13 16:41:13.944,62.94302,OvMFo+Qpk+,com.sec.android.app.shealth,0a5540bb-189e-43de-9d6e-e5aa66e86344,1626220800000
,,c4853b8e-3c96-4da2-b53d-d634b5614482.extra_data.json,0.0,1790187,1504.7258,2021-07-15 ,15:00:00.731,2021-07-14 15:02:53.231,102.258675,OvMFo+Qpk+,com.sec.android.app.shealth,c4853b8e-3c96-4da2-b53d-d634b5614482,1626307200000
,,02de44db-fd13-489f-bad1-d6eb2dba184b.extra_data.json,0.0,1331909,1512.8759,2021-07-16 ,15:00:00.661,2021-07-15 15:00:00.546,71.67207,OvMFo+Qpk+,com.sec.android.app.shealth,02de44db-fd13-489f-bad1-d6eb2dba184b,1626393600000
,,f7b45a95-d5a4-43e8-8d6b-8422f988d378.extra_data.json,0.0,707859,1523.9742,2021-07-17 ,15:00:00.538,2021-07-16 15:00:00.569,38.310356,OvMFo+Qpk+,com.sec.android.app.shealth,f7b45a95-d5a4-43e8-8d6b-8422f988d378,1626480000000
,,62695c5f-673a-4e4f-93f9-d30a7d47e58f.extra_data.json,0.0,3874107,1467.6648,2021-07-18 ,15:00:00.558,2021-07-17 15:00:00.433,220.13174,OvMFo+Qpk+,com.sec.android.app.shealth,62695c5f-673a-4e4f-93f9-d30a7d47e58f,1626566400000
,,a97ba127-464e-416a-bb1d-c6505f3e4b54.extra_data.json,0.0,2498780,1492.1239,2021-07-19 ,15:00:00.388,2021-07-18 15:00:00.383,147.32404,OvMFo+Qpk+,com.sec.android.app.shealth,a97ba127-464e-416a-bb1d-c6505f3e4b54,1626652800000
,,9c79a3d2-7e19-44e8-9cb9-f1ba3f4894a9.extra_data.json,0.0,1587449,1508.3313,2021-07-22 ,01:59:17.354,2021-07-19 15:00:00.310,91.44547,OvMFo+Qpk+,com.sec.android.app.shealth,9c79a3d2-7e19-44e8-9cb9-f1ba3f4894a9,1626739200000
,,6d84eac1-b813-46f9-9e3b-913bf9b0de8d.extra_data.json,0.0,1371959,1512.1637,2021-07-22 ,01:59:17.371,2021-07-20 15:00:00.516,74.49029,OvMFo+Qpk+,com.sec.android.app.shealth,6d84eac1-b813-46f9-9e3b-913bf9b0de8d,1626825600000
,,40ae2d64-bedd-4602-9eca-ad663c02b750.extra_data.json,0.0,2229601,1496.9111,2021-07-22 ,15:05:37.689,2021-07-21 15:00:00.553,121.6447,OvMFo+Qpk+,com.sec.android.app.shealth,40ae2d64-bedd-4602-9eca-ad663c02b750,1626912000000
,,f562d11d-eb44-4e47-92bb-5a3328a0f7eb.extra_data.json,0.0,1686056,1506.5776,2021-07-23 ,15:00:00.597,2021-07-22 15:05:37.534,94.98148,OvMFo+Qpk+,com.sec.android.app.shealth,f562d11d-eb44-4e47-92bb-5a3328a0f7eb,1626998400000
,,b71fa1db-b69f-4d4b-bf9e-11efa7397173.extra_data.json,0.0,2287963,1495.8733,2021-07-24 ,15:00:00.825,2021-07-23 15:00:00.517,117.843185,OvMFo+Qpk+,com.sec.android.app.shealth,b71fa1db-b69f-4d4b-bf9e-11efa7397173,1627084800000
,,f2c62faf-4244-45d7-b8b0-9d0796f40425.extra_data.json,0.0,2698682,1488.5688,2021-07-25 ,15:00:00.512,2021-07-24 15:00:00.740,146.13223,OvMFo+Qpk+,com.sec.android.app.shealth,f2c62faf-4244-45d7-b8b0-9d0796f40425,1627171200000
,,28900584-c14e-402a-8d7b-6016aee3b335.extra_data.json,0.0,4557996,1455.5022,2021-07-26 ,15:00:00.538,2021-07-25 15:00:00.351,275.35156,OvMFo+Qpk+,com.sec.android.app.shealth,28900584-c14e-402a-8d7b-6016aee3b335,1627257600000
,,2aed792a-2501-4e7f-86fa-61e391ba5495.extra_data.json,0.0,2330606,1495.1147,2021-07-27 ,15:00:00.891,2021-07-26 15:00:00.364,139.80305,OvMFo+Qpk+,com.sec.android.app.shealth,2aed792a-2501-4e7f-86fa-61e391ba5495,1627344000000
,,bb45e291-f31e-4e26-b1fe-3a9fc31d8522.extra_data.json,0.0,2813198,1486.5322,2021-07-28 ,15:00:00.677,2021-07-27 15:00:00.613,145.86417,OvMFo+Qpk+,com.sec.android.app.shealth,bb45e291-f31e-4e26-b1fe-3a9fc31d8522,1627430400000
,,c26b02aa-f859-4cd1-b738-671b4df852ae.extra_data.json,0.0,3492885,1474.4445,2021-07-29 ,15:00:00.762,2021-07-28 15:00:00.445,186.09181,OvMFo+Qpk+,com.sec.android.app.shealth,c26b02aa-f859-4cd1-b738-671b4df852ae,1627516800000
,,bcf9c239-b0df-4d49-a1fc-30e251b43558.extra_data.json,0.0,3387389,1476.3207,2021-07-30 ,15:00:00.687,2021-07-29 15:00:00.653,170.37831,OvMFo+Qpk+,com.sec.android.app.shealth,bcf9c239-b0df-4d49-a1fc-30e251b43558,1627603200000
,,eaae9418-f0ca-406d-a761-b5991969528a.extra_data.json,0.0,2295246,1495.7437,2021-07-31 ,15:43:40.657,2021-07-30 15:00:00.543,127.15501,OvMFo+Qpk+,com.sec.android.app.shealth,eaae9418-f0ca-406d-a761-b5991969528a,1627689600000
,,bd833a33-8c8b-459d-9001-8cc6d82bb698.extra_data.json,0.0,6643059,1418.4209,2021-08-01 ,15:00:01.104,2021-07-31 15:43:40.369,389.70288,OvMFo+Qpk+,com.sec.android.app.shealth,bd833a33-8c8b-459d-9001-8cc6d82bb698,1627776000000
,,22b379fc-7c90-4e54-ad78-591f7652407f.extra_data.json,0.0,4126726,1463.172,2021-08-02 ,15:32:15.021,2021-08-01 15:00:00.836,243.30585,OvMFo+Qpk+,com.sec.android.app.shealth,22b379fc-7c90-4e54-ad78-591f7652407f,1627862400000
,,186dcaf2-0d4f-4a56-bb49-a6b69136bfdd.extra_data.json,0.0,4279447,1460.456,2021-08-03 ,15:00:00.561,2021-08-02 15:32:14.757,246.32668,OvMFo+Qpk+,com.sec.android.app.shealth,186dcaf2-0d4f-4a56-bb49-a6b69136bfdd,1627948800000
,,1bc20de7-326a-4f11-8dea-e048c5826835.extra_data.json,0.0,7815348,1397.5726,2021-08-05 ,02:04:48.772,2021-08-03 15:00:00.345,455.98944,OvMFo+Qpk+,com.sec.android.app.shealth,1bc20de7-326a-4f11-8dea-e048c5826835,1628035200000
,,6df4d3b7-88dd-4c1c-a9ea-b7d45718d74f.extra_data.json,0.0,3468583,1474.8767,2021-08-06 ,01:45:30.967,2021-08-04 15:39:00.923,191.8782,OvMFo+Qpk+,com.sec.android.app.shealth,6df4d3b7-88dd-4c1c-a9ea-b7d45718d74f,1628121600000
,,19067da9-2b27-4eb5-be30-588564c17c4a.extra_data.json,0.0,2634480,1489.7106,2021-08-06 ,15:00:01.539,2021-08-05 15:14:32.640,152.14891,OvMFo+Qpk+,com.sec.android.app.shealth,19067da9-2b27-4eb5-be30-588564c17c4a,1628208000000
,,e235d17c-edc7-4585-88c2-b7e115ce3417.extra_data.json,0.0,867894,1521.128,2021-08-07 ,15:00:18.441,2021-08-06 15:00:01.270,48.413406,OvMFo+Qpk+,com.sec.android.app.shealth,e235d17c-edc7-4585-88c2-b7e115ce3417,1628294400000
,,2188029e-db54-4c59-a387-bddd62e2560c.extra_data.json,0.0,4243125,1461.1019,2021-08-08 ,15:00:04.214,2021-08-07 15:00:18.387,246.15694,OvMFo+Qpk+,com.sec.android.app.shealth,2188029e-db54-4c59-a387-bddd62e2560c,1628380800000
,,14aa3e2b-2707-4df6-bab5-59c3a58c70b3.extra_data.json,0.0,4944036,1448.6368,2021-08-09 ,15:29:36.043,2021-08-08 15:00:04.001,288.05093,OvMFo+Qpk+,com.sec.android.app.shealth,14aa3e2b-2707-4df6-bab5-59c3a58c70b3,1628467200000
,,321c5ebc-cb73-4e8b-8d9b-8a9038620f75.extra_data.json,0.0,4051990,1464.5012,2021-08-10 ,15:00:00.876,2021-08-09 15:29:35.877,218.22711,OvMFo+Qpk+,com.sec.android.app.shealth,321c5ebc-cb73-4e8b-8d9b-8a9038620f75,1628553600000
,,91f4a7cb-008f-4b8d-bea9-c476ea7c10cb.extra_data.json,0.0,4249626,1460.9865,2021-08-11 ,15:00:00.718,2021-08-10 15:00:00.546,228.22636,OvMFo+Qpk+,com.sec.android.app.shealth,91f4a7cb-008f-4b8d-bea9-c476ea7c10cb,1628640000000
,,3fd4b680-0495-4005-9757-c9521928015a.extra_data.json,0.0,4660186,1453.6849,2021-08-12 ,15:00:00.718,2021-08-11 15:00:00.654,249.33502,OvMFo+Qpk+,com.sec.android.app.shealth,3fd4b680-0495-4005-9757-c9521928015a,1628726400000
,,f930fc2c-f729-4409-b30a-c28004eb6d3d.extra_data.json,0.0,3881624,1467.531,2021-08-13 ,15:00:00.728,2021-08-12 15:00:00.398,209.10207,OvMFo+Qpk+,com.sec.android.app.shealth,f930fc2c-f729-4409-b30a-c28004eb6d3d,1628812800000
,,fed18ae6-650d-469e-9bd5-db33be26cb23.extra_data.json,0.0,624859,1525.4503,2021-08-14 ,15:00:00.851,2021-08-13 15:00:00.618,34.890003,OvMFo+Qpk+,com.sec.android.app.shealth,fed18ae6-650d-469e-9bd5-db33be26cb23,1628899200000
,,b5da9d72-8d61-46c5-bfa9-8c298a18fdb9.extra_data.json,0.0,1699382,1506.3407,2021-08-15 ,15:00:01.309,2021-08-14 15:00:00.825,93.37813,OvMFo+Qpk+,com.sec.android.app.shealth,b5da9d72-8d61-46c5-bfa9-8c298a18fdb9,1628985600000
,,fd8c9dd9-d6d1-4146-b724-ff498111889f.extra_data.json,0.0,5551590,1437.8319,2021-08-16 ,15:00:00.862,2021-08-15 15:00:00.954,304.70514,OvMFo+Qpk+,com.sec.android.app.shealth,fd8c9dd9-d6d1-4146-b724-ff498111889f,1629072000000
,,54dc67fd-b097-43c5-96e4-00b8c7062aa5.extra_data.json,0.0,4386484,1458.5525,2021-08-17 ,15:00:21.752,2021-08-16 15:00:00.674,239.95917,OvMFo+Qpk+,com.sec.android.app.shealth,54dc67fd-b097-43c5-96e4-00b8c7062aa5,1629158400000
,,d7b616a9-90c4-41a3-b1e9-a12227f190db.extra_data.json,0.0,5434368,1439.9166,2021-08-18 ,15:00:00.957,2021-08-17 15:00:19.798,296.16827,OvMFo+Qpk+,com.sec.android.app.shealth,d7b616a9-90c4-41a3-b1e9-a12227f190db,1629244800000
,,58a58740-0f73-4507-a867-cf2510007081.extra_data.json,0.0,3135488,1480.8005,2021-08-19 ,15:00:00.790,2021-08-18 15:00:00.887,171.00836,OvMFo+Qpk+,com.sec.android.app.shealth,58a58740-0f73-4507-a867-cf2510007081,1629331200000
,,5b3394a7-d731-458c-b790-c660af3be136.extra_data.json,0.0,4677118,1453.3837,2021-08-20 ,15:00:01.637,2021-08-19 15:00:00.711,256.40652,OvMFo+Qpk+,com.sec.android.app.shealth,5b3394a7-d731-458c-b790-c660af3be136,1629417600000
,,4733f807-7b76-4404-9ef6-ea9b662ac8ba.extra_data.json,0.0,4151754,1462.727,2021-08-21 ,15:00:00.768,2021-08-20 15:00:01.364,230.50787,OvMFo+Qpk+,com.sec.android.app.shealth,4733f807-7b76-4404-9ef6-ea9b662ac8ba,1629504000000
,,bd5a2a69-1dc4-4b40-aae4-2d7fbfd70195.extra_data.json,0.0,5797287,1433.4623,2021-08-25 ,03:35:37.036,2021-08-21 15:00:00.635,336.76526,OvMFo+Qpk+,com.sec.android.app.shealth,bd5a2a69-1dc4-4b40-aae4-2d7fbfd70195,1629590400000
,,11039737-a353-4ccb-9cc3-d7d6f84544be.extra_data.json,0.0,4526419,1456.0638,2021-08-25 ,03:35:37.184,2021-08-22 15:30:42.162,257.51764,OvMFo+Qpk+,com.sec.android.app.shealth,11039737-a353-4ccb-9cc3-d7d6f84544be,1629676800000
,,0dd6d2d7-f84b-4a7c-bb9c-6e5038d579d9.extra_data.json,0.0,1924231,1502.3419,2021-08-25 ,03:35:37.412,2021-08-23 16:21:37.247,107.35462,OvMFo+Qpk+,com.sec.android.app.shealth,0dd6d2d7-f84b-4a7c-bb9c-6e5038d579d9,1629763200000
,,ed1d6173-8eb2-4bb9-b644-b31153ea0ef7.extra_data.json,0.0,886484,1520.7976,2021-08-25 ,15:26:24.457,2021-08-24 16:39:11.027,49.717762,OvMFo+Qpk+,com.sec.android.app.shealth,ed1d6173-8eb2-4bb9-b644-b31153ea0ef7,1629849600000
,,d9b0267f-c25c-435f-929e-e0880fb55f72.extra_data.json,0.0,1576610,1508.5242,2021-08-26 ,15:20:55.877,2021-08-25 15:26:24.245,84.33448,OvMFo+Qpk+,com.sec.android.app.shealth,d9b0267f-c25c-435f-929e-e0880fb55f72,1629936000000
,,d316c514-7768-4b04-8765-10bfc3d40d73.extra_data.json,0.0,1961661,1501.6761,2021-08-27 ,15:00:00.660,2021-08-26 15:20:55.317,114.7191,OvMFo+Qpk+,com.sec.android.app.shealth,d316c514-7768-4b04-8765-10bfc3d40d73,1630022400000
,,1f357c01-cb55-4479-a799-b6da0c67e170.extra_data.json,0.0,1384632,1511.9384,2021-08-29 ,02:42:34.903,2021-08-27 15:00:00.525,76.1347,OvMFo+Qpk+,com.sec.android.app.shealth,1f357c01-cb55-4479-a799-b6da0c67e170,1630108800000
,,5724eafe-1c99-42fe-8c96-155bc36c86cf.extra_data.json,0.0,767050,1522.9216,2021-08-29 ,15:41:02.218,2021-08-28 15:00:00.647,40.828926,OvMFo+Qpk+,com.sec.android.app.shealth,5724eafe-1c99-42fe-8c96-155bc36c86cf,1630195200000
,,e30dbb98-7380-4ee9-a54b-cfefe69da358.extra_data.json,0.0,4329961,1459.5577,2021-08-30 ,15:00:00.754,2021-08-29 15:41:02.158,250.53648,OvMFo+Qpk+,com.sec.android.app.shealth,e30dbb98-7380-4ee9-a54b-cfefe69da358,1630281600000
,,88172aab-d229-4bc6-a8be-ff6a638813a8.extra_data.json,0.0,3957309,1466.185,2021-09-01 ,04:48:13.762,2021-08-30 15:00:00.601,232.4341,OvMFo+Qpk+,com.sec.android.app.shealth,88172aab-d229-4bc6-a8be-ff6a638813a8,1630368000000
,,492c89aa-518b-46a4-8274-cddc2fa0c1b1.extra_data.json,0.0,4894408,1449.5194,2021-09-03 ,02:56:05.254,2021-08-31 15:00:00.789,266.60712,OvMFo+Qpk+,com.sec.android.app.shealth,492c89aa-518b-46a4-8274-cddc2fa0c1b1,1630454400000
,,f1335e92-bca8-4f31-be4a-e9e805b68fbe.extra_data.json,0.0,1101053,1516.9814,2021-09-03 ,02:56:05.305,2021-09-01 15:00:00.565,62.163345,OvMFo+Qpk+,com.sec.android.app.shealth,f1335e92-bca8-4f31-be4a-e9e805b68fbe,1630540800000
,,9076e111-fad3-40dd-9fe6-430474589f66.extra_data.json,0.0,3278860,1478.2507,2021-09-03 ,15:20:34.801,2021-09-02 15:00:01.070,165.04353,OvMFo+Qpk+,com.sec.android.app.shealth,9076e111-fad3-40dd-9fe6-430474589f66,1630627200000
,,5476705a-e791-49e1-b719-9e4a754f2d2c.extra_data.json,0.0,4186319,1462.1123,2021-09-04 ,15:10:29.584,2021-09-03 15:03:40.117,230.81021,OvMFo+Qpk+,com.sec.android.app.shealth,5476705a-e791-49e1-b719-9e4a754f2d2c,1630713600000
,,8bcf6b34-cd45-451f-b428-986d0ecd2052.extra_data.json,0.0,2502191,1492.0632,2021-09-05 ,15:00:00.458,2021-09-04 15:10:29.265,144.71413,OvMFo+Qpk+,com.sec.android.app.shealth,8bcf6b34-cd45-451f-b428-986d0ecd2052,1630800000000
,,974bb3d2-c073-4816-9cf9-2f8de0dcfd4c.extra_data.json,0.0,564949,1526.5157,2021-09-06 ,15:00:00.805,2021-09-05 15:00:00.324,30.929996,OvMFo+Qpk+,com.sec.android.app.shealth,974bb3d2-c073-4816-9cf9-2f8de0dcfd4c,1630886400000
,,0203e1d9-3eb7-412e-b4c1-9ded567caf5b.extra_data.json,0.0,4002,1536.4918,2021-09-07 ,15:00:00.669,2021-09-06 15:00:00.696,0.21738717,OvMFo+Qpk+,com.sec.android.app.shealth,0203e1d9-3eb7-412e-b4c1-9ded567caf5b,1630972800000
,,c9476396-6470-4499-8392-9b6ec897e8f4.extra_data.json,0.0,3569407,1473.0836,2021-09-08 ,15:00:00.764,2021-09-07 15:00:00.586,204.72299,OvMFo+Qpk+,com.sec.android.app.shealth,c9476396-6470-4499-8392-9b6ec897e8f4,1631059200000
,,51248245-7989-459b-bcd6-3a973f7b7450.extra_data.json,0.0,3322784,1477.4696,2021-09-09 ,15:00:00.867,2021-09-08 15:00:00.524,186.96179,OvMFo+Qpk+,com.sec.android.app.shealth,51248245-7989-459b-bcd6-3a973f7b7450,1631145600000
,,bc755a9f-c0d2-4852-9ef1-36eaf629fce4.extra_data.json,0.0,3822550,1468.5817,2021-09-10 ,15:27:08.265,2021-09-09 15:00:00.580,214.76184,OvMFo+Qpk+,com.sec.android.app.shealth,bc755a9f-c0d2-4852-9ef1-36eaf629fce4,1631232000000
,,0288625e-c2e3-4b69-b3d0-6ee1a9914a66.extra_data.json,0.0,3176898,1480.0641,2021-09-11 ,15:01:04.847,2021-09-10 15:27:07.290,174.1111,OvMFo+Qpk+,com.sec.android.app.shealth,0288625e-c2e3-4b69-b3d0-6ee1a9914a66,1631318400000
,,ce904f26-59ea-4f68-b1a6-ba806169199a.extra_data.json,0.0,3765313,1469.5996,2021-09-12 ,16:44:46.912,2021-09-11 15:01:02.442,210.70045,OvMFo+Qpk+,com.sec.android.app.shealth,ce904f26-59ea-4f68-b1a6-ba806169199a,1631404800000
,,5b59b069-57ec-4a4e-8a82-01628e5d1fa2.extra_data.json,0.0,3473252,1474.7937,2021-09-13 ,15:05:38.429,2021-09-12 16:44:45.834,191.10439,OvMFo+Qpk+,com.sec.android.app.shealth,5b59b069-57ec-4a4e-8a82-01628e5d1fa2,1631491200000
,,4139743d-a96c-489d-8000-11bf66cd0222.extra_data.json,0.0,2947706,1484.1401,2021-09-14 ,15:00:00.771,2021-09-13 15:05:37.916,166.83774,OvMFo+Qpk+,com.sec.android.app.shealth,4139743d-a96c-489d-8000-11bf66cd0222,1631577600000
,,7ca88ef1-a8d3-4f1f-bf6d-8ac189e4a700.extra_data.json,0.0,3326405,1477.4052,2021-09-16 ,12:22:20.941,2021-09-14 15:00:00.550,184.91325,OvMFo+Qpk+,com.sec.android.app.shealth,7ca88ef1-a8d3-4f1f-bf6d-8ac189e4a700,1631664000000
,,addd0931-e4d7-4883-b036-c751a2bc3aa2.extra_data.json,0.0,2254289,1496.472,2021-09-16 ,15:00:00.848,2021-09-15 15:00:00.653,129.65137,OvMFo+Qpk+,com.sec.android.app.shealth,addd0931-e4d7-4883-b036-c751a2bc3aa2,1631750400000
,,67fce704-60a6-452e-b52f-d9cd495b82e9.extra_data.json,0.0,3989560,1465.6115,2021-09-17 ,15:00:01.407,2021-09-16 15:00:00.570,216.7073,OvMFo+Qpk+,com.sec.android.app.shealth,67fce704-60a6-452e-b52f-d9cd495b82e9,1631836800000
,,d9cd3bfa-2430-4f0c-a8a3-a1a79c1700b9.extra_data.json,0.0,3837528,1468.3153,2021-09-18 ,15:00:00.646,2021-09-17 15:00:01.166,210.47223,OvMFo+Qpk+,com.sec.android.app.shealth,d9cd3bfa-2430-4f0c-a8a3-a1a79c1700b9,1631923200000
,,b209f253-8d4e-4afb-abda-b5fcf265d025.extra_data.json,0.0,3076525,1481.8491,2021-09-19 ,15:00:01.122,2021-09-18 15:00:00.372,171.1271,OvMFo+Qpk+,com.sec.android.app.shealth,b209f253-8d4e-4afb-abda-b5fcf265d025,1632009600000
,,02ba3526-a15f-4e71-8553-c1068bfc47b0.extra_data.json,0.0,10114573,1356.6824,2021-09-20 ,15:13:44.918,2021-09-19 15:00:00.662,570.10004,OvMFo+Qpk+,com.sec.android.app.shealth,02ba3526-a15f-4e71-8553-c1068bfc47b0,1632096000000
,,4d57679a-e4d4-4624-af0d-08932b46ad2b.extra_data.json,0.0,2856978,1485.7537,2021-09-22 ,04:20:04.341,2021-09-20 15:13:44.446,162.20543,OvMFo+Qpk+,com.sec.android.app.shealth,4d57679a-e4d4-4624-af0d-08932b46ad2b,1632182400000
,,e745258c-110a-4b13-85e8-e99e3c1f00be.extra_data.json,0.0,4668626,1453.5348,2021-09-23 ,07:24:53.194,2021-09-21 16:19:55.751,266.95142,OvMFo+Qpk+,com.sec.android.app.shealth,e745258c-110a-4b13-85e8-e99e3c1f00be,1632268800000
,,5a59322c-2e0e-4fd6-bac8-fc6f16a76fda.extra_data.json,0.0,4110346,1463.4634,2021-09-23 ,15:00:00.904,2021-09-22 15:00:00.588,222.66331,OvMFo+Qpk+,com.sec.android.app.shealth,5a59322c-2e0e-4fd6-bac8-fc6f16a76fda,1632355200000
,,80fa9b83-d3c3-4fca-8945-ef8e75e13955.extra_data.json,0.0,2460233,1492.8094,2021-09-24 ,15:24:37.595,2021-09-23 15:00:00.611,139.28142,OvMFo+Qpk+,com.sec.android.app.shealth,80fa9b83-d3c3-4fca-8945-ef8e75e13955,1632441600000
,,56f260b1-2848-4d9e-8cc6-be98d4d3f516.extra_data.json,0.0,583625,1526.1837,2021-09-25 ,15:00:00.863,2021-09-24 15:24:36.808,30.844683,OvMFo+Qpk+,com.sec.android.app.shealth,56f260b1-2848-4d9e-8cc6-be98d4d3f516,1632528000000
,,22725e98-f32d-48db-81f4-60e170ec3256.extra_data.json,0.0,3677935,1471.1534,2021-09-26 ,15:00:01.076,2021-09-25 15:00:00.754,211.4829,OvMFo+Qpk+,com.sec.android.app.shealth,22725e98-f32d-48db-81f4-60e170ec3256,1632614400000
,,eb2ac176-fba1-4756-8625-1487ff41531a.extra_data.json,0.0,1849513,1503.6708,2021-09-27 ,15:00:00.632,2021-09-26 15:00:00.655,105.21703,OvMFo+Qpk+,com.sec.android.app.shealth,eb2ac176-fba1-4756-8625-1487ff41531a,1632700800000
,,225693cd-de75-4b36-8813-d0df02d20f9d.extra_data.json,0.0,1810454,1504.3654,2021-09-28 ,15:00:01.710,2021-09-27 15:00:00.546,101.74822,OvMFo+Qpk+,com.sec.android.app.shealth,225693cd-de75-4b36-8813-d0df02d20f9d,1632787200000
,,5ab9a284-206a-4b19-b09a-5a83804f7463.extra_data.json,0.0,2097872,1499.2538,2021-09-29 ,15:00:01.130,2021-09-28 15:00:01.318,120.07694,OvMFo+Qpk+,com.sec.android.app.shealth,5ab9a284-206a-4b19-b09a-5a83804f7463,1632873600000
,,eeffe041-848c-4eff-90f5-e70ed89fda8c.extra_data.json,0.0,1604106,1508.0352,2021-09-30 ,15:00:00.822,2021-09-29 15:00:00.836,102.29083,OvMFo+Qpk+,com.sec.android.app.shealth,eeffe041-848c-4eff-90f5-e70ed89fda8c,1632960000000
,,51d0688f-babf-4911-839e-f174a511c69b.extra_data.json,0.0,2681344,1488.8772,2021-10-01 ,15:00:00.577,2021-09-30 15:00:00.713,154.58092,OvMFo+Qpk+,com.sec.android.app.shealth,51d0688f-babf-4911-839e-f174a511c69b,1633046400000
,,ca8158e5-d58c-4168-94e6-343950f60c4e.extra_data.json,0.0,4542082,1455.7853,2021-10-04 ,04:26:11.660,2021-10-01 15:00:00.494,239.49522,OvMFo+Qpk+,com.sec.android.app.shealth,ca8158e5-d58c-4168-94e6-343950f60c4e,1633132800000
,,a7b4c7be-670b-4066-bea6-1ab87022ae91.extra_data.json,0.0,2506096,1491.9939,2021-10-04 ,04:26:11.727,2021-10-02 16:19:06.733,145.22226,OvMFo+Qpk+,com.sec.android.app.shealth,a7b4c7be-670b-4066-bea6-1ab87022ae91,1633219200000
,,d9e0934b-5f5d-42dd-91ed-5ce8c84787cd.extra_data.json,0.0,2370733,1494.4011,2021-10-04 ,15:00:01.031,2021-10-03 16:40:48.424,139.86111,OvMFo+Qpk+,com.sec.android.app.shealth,d9e0934b-5f5d-42dd-91ed-5ce8c84787cd,1633305600000
,,34e511d4-4f9f-4434-870c-7e66fa9674e5.extra_data.json,0.0,4742485,1452.2212,2021-10-05 ,15:35:51.252,2021-10-04 15:00:00.612,264.3008,OvMFo+Qpk+,com.sec.android.app.shealth,34e511d4-4f9f-4434-870c-7e66fa9674e5,1633392000000
,,2c4255a4-9475-47e7-ab5c-7c0427493b22.extra_data.json,0.0,5347925,1441.4539,2021-10-06 ,15:00:01.033,2021-10-05 15:01:20.363,298.40448,OvMFo+Qpk+,com.sec.android.app.shealth,2c4255a4-9475-47e7-ab5c-7c0427493b22,1633478400000
,,0c8bf88b-e6b4-4e79-8933-eb133cb36dc7.extra_data.json,0.0,4694252,1453.079,2021-10-07 ,15:05:02.727,2021-10-06 15:00:00.882,266.4045,OvMFo+Qpk+,com.sec.android.app.shealth,0c8bf88b-e6b4-4e79-8933-eb133cb36dc7,1633564800000
,,e5a849c5-7cf1-430a-8539-d359474112e1.extra_data.json,0.0,3881845,1467.5271,2021-10-09 ,00:02:33.520,2021-10-07 15:00:00.952,224.63106,OvMFo+Qpk+,com.sec.android.app.shealth,e5a849c5-7cf1-430a-8539-d359474112e1,1633651200000
,,0f4b632b-a824-45fd-8e4c-83a1e2d29110.extra_data.json,0.0,2962348,1483.8796,2021-10-09 ,15:35:01.988,2021-10-08 15:37:50.105,170.17796,OvMFo+Qpk+,com.sec.android.app.shealth,0f4b632b-a824-45fd-8e4c-83a1e2d29110,1633737600000
,,08deabbb-b220-4ad8-bf37-f69858a3252d.extra_data.json,0.0,3429571,1475.5706,2021-10-10 ,15:08:47.199,2021-10-09 15:35:01.488,190.7224,OvMFo+Qpk+,com.sec.android.app.shealth,08deabbb-b220-4ad8-bf37-f69858a3252d,1633824000000
,,fc535f2b-1f52-4529-a2ec-5c713ec1373d.extra_data.json,0.0,4559970,1455.4672,2021-10-12 ,02:23:29.905,2021-10-10 15:08:46.748,254.01324,OvMFo+Qpk+,com.sec.android.app.shealth,fc535f2b-1f52-4529-a2ec-5c713ec1373d,1633910400000
,,e4b8fe6b-e860-49e5-9113-dc22ec2a82f8.extra_data.json,0.0,6802684,1415.582,2021-10-12 ,15:32:23.470,2021-10-11 15:07:14.426,365.44727,OvMFo+Qpk+,com.sec.android.app.shealth,e4b8fe6b-e860-49e5-9113-dc22ec2a82f8,1633996800000
,,55d40d9c-f313-427b-8db4-d3c380908fdd.extra_data.json,0.0,4931951,1448.8517,2021-10-14 ,00:32:40.900,2021-10-12 15:32:22.599,280.76392,OvMFo+Qpk+,com.sec.android.app.shealth,55d40d9c-f313-427b-8db4-d3c380908fdd,1634083200000
,,806a3f89-45f1-452d-b363-ad65b0fcfad1.extra_data.json,0.0,2705172,1488.4535,2021-10-14 ,15:18:15.861,2021-10-13 16:08:46.039,149.58517,OvMFo+Qpk+,com.sec.android.app.shealth,806a3f89-45f1-452d-b363-ad65b0fcfad1,1634169600000
,,7723d6a4-1051-42c1-8021-7ebc621f134b.extra_data.json,0.0,2441109,1493.1495,2021-10-15 ,15:00:00.711,2021-10-14 15:18:15.490,138.69292,OvMFo+Qpk+,com.sec.android.app.shealth,7723d6a4-1051-42c1-8021-7ebc621f134b,1634256000000
,,42c7cfbf-10d5-4164-84f6-58bc5f0b9a46.extra_data.json,0.0,2533214,1491.5116,2021-10-16 ,15:00:00.787,2021-10-15 15:00:00.351,146.65271,OvMFo+Qpk+,com.sec.android.app.shealth,42c7cfbf-10d5-4164-84f6-58bc5f0b9a46,1634342400000
,,95cf5271-923f-4ecd-bd1b-5f9aba3c0551.extra_data.json,0.0,1455787,1510.6729,2021-10-17 ,15:33:32.060,2021-10-16 15:00:00.727,76.66386,OvMFo+Qpk+,com.sec.android.app.shealth,95cf5271-923f-4ecd-bd1b-5f9aba3c0551,1634428800000
,,d1311f0f-9e4e-412f-940c-2f2bb299c696.extra_data.json,0.0,78706,1535.1633,2021-10-19 ,15:00:00.649,2021-10-18 15:00:00.590,4.44,OvMFo+Qpk+,com.sec.android.app.shealth,d1311f0f-9e4e-412f-940c-2f2bb299c696,1634601600000
,,c72eb738-4a9a-46be-95e5-f86cf6781789.extra_data.json,0.0,2388769,1494.0804,2021-10-20 ,00:18:53.111,2021-10-17 15:33:31.747,138.55574,OvMFo+Qpk+,com.sec.android.app.shealth,c72eb738-4a9a-46be-95e5-f86cf6781789,1634515200000
,,e4900787-459f-40f6-bbe0-332fecfc710d.extra_data.json,0.0,2124091,1498.7876,2021-10-20 ,16:04:31.892,2021-10-19 15:00:00.539,120.261116,OvMFo+Qpk+,com.sec.android.app.shealth,e4900787-459f-40f6-bbe0-332fecfc710d,1634688000000
,,30d29375-fe44-41dc-adb0-e0746821346e.extra_data.json,0.0,3483227,1474.6163,2021-10-21 ,15:00:01.190,2021-10-20 16:04:31.271,175.63673,OvMFo+Qpk+,com.sec.android.app.shealth,30d29375-fe44-41dc-adb0-e0746821346e,1634774400000
,,26928e5d-431e-4f61-bea5-31ed962ada3c.extra_data.json,0.0,2169477,1497.9803,2021-10-22 ,15:00:00.820,2021-10-21 15:00:01.016,121.49406,OvMFo+Qpk+,com.sec.android.app.shealth,26928e5d-431e-4f61-bea5-31ed962ada3c,1634860800000
,,8a99795d-784c-4042-8871-f9a0178a4540.extra_data.json,0.0,3057966,1482.1792,2021-10-23 ,15:00:00.713,2021-10-22 15:00:00.640,149.52753,OvMFo+Qpk+,com.sec.android.app.shealth,8a99795d-784c-4042-8871-f9a0178a4540,1634947200000
,,e015618a-d299-4f48-9d7e-06eb2523a707.extra_data.json,0.0,3453656,1475.1422,2021-10-24 ,15:03:24.069,2021-10-23 15:00:00.438,198.41316,OvMFo+Qpk+,com.sec.android.app.shealth,e015618a-d299-4f48-9d7e-06eb2523a707,1635033600000
,,ba743ecd-cfb6-445a-b695-85dd13606a32.extra_data.json,0.0,1548240,1509.0287,2021-10-25 ,16:27:54.641,2021-10-24 15:03:23.414,89.75884,OvMFo+Qpk+,com.sec.android.app.shealth,ba743ecd-cfb6-445a-b695-85dd13606a32,1635120000000
,,35378529-85e2-40ae-ae9a-372f9d8c1800.extra_data.json,0.0,1382908,1511.9689,2021-10-26 ,15:12:35.640,2021-10-25 16:27:53.922,84.349144,OvMFo+Qpk+,com.sec.android.app.shealth,35378529-85e2-40ae-ae9a-372f9d8c1800,1635206400000
,,37955650-84fc-481d-a386-4105a336945d.extra_data.json,0.0,3870641,1467.7264,2021-10-27 ,15:00:00.906,2021-10-26 15:12:35.063,217.88489,OvMFo+Qpk+,com.sec.android.app.shealth,37955650-84fc-481d-a386-4105a336945d,1635292800000
,,7d360323-5d62-43c7-8492-56c1c47b506a.extra_data.json,0.0,3076361,1481.852,2021-10-29 ,00:23:42.653,2021-10-27 15:00:00.594,172.21515,OvMFo+Qpk+,com.sec.android.app.shealth,7d360323-5d62-43c7-8492-56c1c47b506a,1635379200000
,,f4219902-4c9e-48c3-b5d5-a43e903dbd0d.extra_data.json,0.0,2456868,1492.8694,2021-10-29 ,15:33:47.705,2021-10-28 15:00:00.460,138.9793,OvMFo+Qpk+,com.sec.android.app.shealth,f4219902-4c9e-48c3-b5d5-a43e903dbd0d,1635465600000
,,5e46e97b-eba7-408c-938a-7ddf1e536b44.extra_data.json,0.0,2559782,1491.0391,2021-10-30 ,18:04:34.023,2021-10-29 15:33:46.618,139.88972,OvMFo+Qpk+,com.sec.android.app.shealth,5e46e97b-eba7-408c-938a-7ddf1e536b44,1635552000000
,,b5109b25-0ebb-4624-86e0-5b62210a4131.extra_data.json,0.0,1157775,1515.9728,2021-10-31 ,15:00:00.929,2021-10-30 18:04:32.896,61.81047,OvMFo+Qpk+,com.sec.android.app.shealth,b5109b25-0ebb-4624-86e0-5b62210a4131,1635638400000
,,f23fa452-5b41-4521-8ea5-8687ba1426b7.extra_data.json,0.0,2839741,1486.0602,2021-11-01 ,15:12:09.749,2021-10-31 15:00:00.841,162.71046,OvMFo+Qpk+,com.sec.android.app.shealth,f23fa452-5b41-4521-8ea5-8687ba1426b7,1635724800000
,,2190597b-a244-4174-b26e-0026fd4fa590.extra_data.json,0.0,2037474,1500.328,2021-11-02 ,15:00:00.598,2021-11-01 15:12:09.462,113.342545,OvMFo+Qpk+,com.sec.android.app.shealth,2190597b-a244-4174-b26e-0026fd4fa590,1635811200000
,,c02e0819-38a7-4059-bc15-56f837197efc.extra_data.json,0.0,2198148,1497.4706,2021-11-03 ,15:00:00.718,2021-11-02 15:00:00.504,122.49481,OvMFo+Qpk+,com.sec.android.app.shealth,c02e0819-38a7-4059-bc15-56f837197efc,1635897600000
,,ada3c33e-32af-41d5-aeb4-b63b008e5fa9.extra_data.json,0.0,2471420,1492.6105,2021-11-04 ,15:28:02.846,2021-11-03 15:00:00.513,140.26521,OvMFo+Qpk+,com.sec.android.app.shealth,ada3c33e-32af-41d5-aeb4-b63b008e5fa9,1635984000000
,,73296fd2-a4af-46db-9fd7-cc425ad3683b.extra_data.json,0.0,2394957,1493.9703,2021-11-05 ,15:00:00.932,2021-11-04 15:28:02.870,132.44038,OvMFo+Qpk+,com.sec.android.app.shealth,73296fd2-a4af-46db-9fd7-cc425ad3683b,1636070400000
,,d3708f9c-2131-47e1-ad7a-b079e8368aac.extra_data.json,0.0,3316371,1477.5837,2021-11-06 ,16:09:27.979,2021-11-05 15:00:00.725,183.41924,OvMFo+Qpk+,com.sec.android.app.shealth,d3708f9c-2131-47e1-ad7a-b079e8368aac,1636156800000
,,4e8c6212-4cb4-49ef-82b2-734e9c720d9d.extra_data.json,0.0,2347600,1494.8126,2021-11-08 ,00:09:13.414,2021-11-06 16:09:27.381,126.02855,OvMFo+Qpk+,com.sec.android.app.shealth,4e8c6212-4cb4-49ef-82b2-734e9c720d9d,1636243200000
,,b13d37dd-dc9d-4163-8284-c2d6725bf365.extra_data.json,0.0,1736860,1505.6741,2021-11-08 ,15:43:02.295,2021-11-07 15:00:00.448,94.180824,OvMFo+Qpk+,com.sec.android.app.shealth,b13d37dd-dc9d-4163-8284-c2d6725bf365,1636329600000
,,8a71d00d-9460-4a8c-877a-927dc2c651b8.extra_data.json,0.0,2287478,1495.8818,2021-11-09 ,15:00:00.488,2021-11-08 15:43:02.269,128.42397,OvMFo+Qpk+,com.sec.android.app.shealth,8a71d00d-9460-4a8c-877a-927dc2c651b8,1636416000000
,,9bdcb62b-5930-45ad-8dbe-f9c699c962e3.extra_data.json,0.0,2570063,1490.8562,2021-11-10 ,15:00:00.739,2021-11-09 15:00:00.384,143.01825,OvMFo+Qpk+,com.sec.android.app.shealth,9bdcb62b-5930-45ad-8dbe-f9c699c962e3,1636502400000
,,af3c6ffc-264b-4fbc-93ea-3939a68c8e66.extra_data.json,0.0,1756758,1505.3203,2021-11-11 ,15:00:00.775,2021-11-10 15:00:00.607,95.82764,OvMFo+Qpk+,com.sec.android.app.shealth,af3c6ffc-264b-4fbc-93ea-3939a68c8e66,1636588800000
,,b7e8c865-f721-437a-ac8e-b63fa0536356.extra_data.json,0.0,2134977,1498.594,2021-11-12 ,15:00:00.808,2021-11-11 15:00:00.553,117.15591,OvMFo+Qpk+,com.sec.android.app.shealth,b7e8c865-f721-437a-ac8e-b63fa0536356,1636675200000
,,2f98854e-7771-42a2-850b-e9bcb925c659.extra_data.json,0.0,2933898,1484.3857,2021-11-13 ,15:00:00.932,2021-11-12 15:00:00.502,138.49535,OvMFo+Qpk+,com.sec.android.app.shealth,2f98854e-7771-42a2-850b-e9bcb925c659,1636761600000
,,7968ab2c-b69d-48bf-8812-88cb24dfc1a2.extra_data.json,0.0,2388378,1494.0874,2021-11-14 ,15:00:01.043,2021-11-13 15:00:00.587,121.88655,OvMFo+Qpk+,com.sec.android.app.shealth,7968ab2c-b69d-48bf-8812-88cb24dfc1a2,1636848000000
,,f2e5866b-3638-4eac-beec-00025ee82b53.extra_data.json,0.0,2219011,1497.0995,2021-11-15 ,15:22:46.981,2021-11-14 15:00:00.947,126.2129,OvMFo+Qpk+,com.sec.android.app.shealth,f2e5866b-3638-4eac-beec-00025ee82b53,1636934400000
,,ffb47cc6-89b7-4c87-a6b0-3c6c940fd51e.extra_data.json,0.0,2770849,1487.2854,2021-11-16 ,15:00:02.335,2021-11-15 15:22:46.130,158.04588,OvMFo+Qpk+,com.sec.android.app.shealth,ffb47cc6-89b7-4c87-a6b0-3c6c940fd51e,1637020800000
,,ae8ed0e1-79e0-4a43-80d1-9b6210f5dd4b.extra_data.json,0.0,2032565,1500.4152,2021-11-18 ,00:19:56.439,2021-11-16 15:00:01.962,114.35624,OvMFo+Qpk+,com.sec.android.app.shealth,ae8ed0e1-79e0-4a43-80d1-9b6210f5dd4b,1637107200000
,,e9b0f344-afe4-4eb6-941b-730dd62174ec.extra_data.json,0.0,2416241,1493.5919,2021-11-18 ,15:00:00.870,2021-11-17 15:30:00.767,134.23914,OvMFo+Qpk+,com.sec.android.app.shealth,e9b0f344-afe4-4eb6-941b-730dd62174ec,1637193600000
,,e6627049-edfb-4ae4-bd25-d4b84758433a.extra_data.json,0.0,1931943,1502.2047,2021-11-19 ,15:00:01.977,2021-11-18 15:00:00.715,101.75661,OvMFo+Qpk+,com.sec.android.app.shealth,e6627049-edfb-4ae4-bd25-d4b84758433a,1637280000000
,,99b0dbd8-810a-4551-93d0-aabc467c565a.extra_data.json,0.0,2341434,1494.9222,2021-11-20 ,15:00:00.849,2021-11-19 15:00:01.649,123.834206,OvMFo+Qpk+,com.sec.android.app.shealth,99b0dbd8-810a-4551-93d0-aabc467c565a,1637366400000
,,0826b4cb-32d2-4b1b-a385-7cfab765c96e.extra_data.json,0.0,1997785,1501.0338,2021-11-21 ,15:00:00.914,2021-11-20 15:00:00.569,95.555595,OvMFo+Qpk+,com.sec.android.app.shealth,0826b4cb-32d2-4b1b-a385-7cfab765c96e,1637452800000
,,4215bb19-45bc-4379-910d-8cbd708ea1d1.extra_data.json,0.0,2142207,1498.4653,2021-11-22 ,15:00:00.798,2021-11-21 15:00:00.668,115.382355,OvMFo+Qpk+,com.sec.android.app.shealth,4215bb19-45bc-4379-910d-8cbd708ea1d1,1637539200000
,,1f56e1c8-a2f0-4622-8765-d880d35fe7dc.extra_data.json,0.0,1669988,1506.8635,2021-11-23 ,15:00:01.161,2021-11-22 15:00:00.644,98.149994,OvMFo+Qpk+,com.sec.android.app.shealth,1f56e1c8-a2f0-4622-8765-d880d35fe7dc,1637625600000
,,21620cf7-d439-497e-9e7e-637681770b17.extra_data.json,0.0,2564307,1490.9586,2021-11-25 ,07:20:03.620,2021-11-23 15:00:00.714,138.53877,OvMFo+Qpk+,com.sec.android.app.shealth,21620cf7-d439-497e-9e7e-637681770b17,1637712000000
,,8e72501c-ad9e-4b37-8cc7-423e93af5b53.extra_data.json,0.0,2571442,1490.8318,2021-11-25 ,15:45:57.140,2021-11-24 15:00:02.159,127.63829,OvMFo+Qpk+,com.sec.android.app.shealth,8e72501c-ad9e-4b37-8cc7-423e93af5b53,1637798400000
,,b8c2c670-1bc2-41e0-bd06-9241eb74179c.extra_data.json,0.0,2766111,1487.3696,2021-11-26 ,15:00:01.403,2021-11-25 15:45:56.879,136.10822,OvMFo+Qpk+,com.sec.android.app.shealth,b8c2c670-1bc2-41e0-bd06-9241eb74179c,1637884800000
,,de20fdbc-64e6-41f2-a159-fa1799fd6903.extra_data.json,0.0,2759947,1487.4794,2021-11-27 ,15:17:27.166,2021-11-26 15:00:01.000,156.05182,OvMFo+Qpk+,com.sec.android.app.shealth,de20fdbc-64e6-41f2-a159-fa1799fd6903,1637971200000
,,7d62c492-2f5e-4004-9869-15753d393e30.extra_data.json,0.0,2763867,1487.4097,2021-11-28 ,15:00:00.626,2021-11-27 15:17:26.529,158.41588,OvMFo+Qpk+,com.sec.android.app.shealth,7d62c492-2f5e-4004-9869-15753d393e30,1638057600000
,,b068aa35-a397-4691-b64f-f30a1ce529a7.extra_data.json,0.0,1431095,972.0111,2021-11-29 ,06:34:46.687,2021-11-28 15:00:00.480,79.27302,OvMFo+Qpk+,com.sec.android.app.shealth,b068aa35-a397-4691-b64f-f30a1ce529a7,1638144000000
