com.samsung.health.floors_climbed,6201005,5
start_time,custom,update_time,create_time,floor,time_offset,deviceuuid,pkg_name,end_time,datauuid
2021-10-09 00:43:08.000,,2021-10-09 00:53:06.804,2021-10-09 00:53:06.603,1.0,UTC+0900,MN1BiSH8rg,com.sec.android.app.shealth,2021-10-09 00:43:19.000,acac7362-578e-40bc-b273-c49ea93fddf3,
2021-10-12 02:03:06.000,,2021-10-12 02:18:05.490,2021-10-12 02:18:05.275,2.0,UTC+0900,MN1BiSH8rg,com.sec.android.app.shealth,2021-10-12 02:04:07.000,b3cad1ed-78d2-4c6d-b515-dffe24231679,
2021-10-13 04:01:40.000,,2021-10-13 04:06:14.550,2021-10-13 04:06:14.430,1.0,UTC+0900,MN1BiSH8rg,com.sec.android.app.shealth,2021-10-13 04:02:13.000,ac627225-06b3-4264-9511-829f9ea10c21,
2021-10-14 22:17:42.000,,2021-10-14 22:39:55.714,2021-10-14 22:39:53.840,3.0,UTC+0900,MN1BiSH8rg,com.sec.android.app.shealth,2021-10-14 22:18:47.000,e53d8499-3993-4395-820e-452721dc7c1b,
2021-10-15 00:46:23.000,,2021-10-15 01:18:52.231,2021-10-15 01:18:51.885,1.0,UTC+0900,MN1BiSH8rg,com.sec.android.app.shealth,2021-10-15 00:46:50.000,f47e870d-546e-4137-a401-505507535702,
2021-10-15 04:23:35.000,,2021-10-15 05:08:39.784,2021-10-15 05:08:39.574,1.0,UTC+0900,MN1BiSH8rg,com.sec.android.app.shealth,2021-10-15 04:24:06.000,42be3a3c-4732-4dd2-8854-f1db95066ad7,
2021-10-17 23:26:28.000,,2021-10-17 23:29:02.640,2021-10-17 23:29:02.280,1.0,UTC+0900,MN1BiSH8rg,com.sec.android.app.shealth,2021-10-17 23:26:47.000,de792f19-b58b-4d8a-a77c-6f61375b3e93,
2021-10-18 06:50:18.000,,2021-10-18 07:24:40.013,2021-10-18 07:24:39.883,2.0,UTC+0900,MN1BiSH8rg,com.sec.android.app.shealth,2021-10-18 06:50:57.000,f152726c-f896-44ac-bd6f-59319cb8c282,
2021-10-19 06:51:28.000,,2021-10-19 07:01:57.715,2021-10-19 07:01:57.630,1.0,UTC+0900,MN1BiSH8rg,com.sec.android.app.shealth,2021-10-19 06:51:50.000,fe3c82ab-ce2e-49d7-9993-2e5a0a51b2b5,
2021-10-20 00:33:18.000,,2021-10-20 01:03:45.612,2021-10-20 01:03:44.462,3.0,UTC+0900,MN1BiSH8rg,com.sec.android.app.shealth,2021-10-20 00:34:18.000,0f0581b5-2d60-4d3a-9520-ff3cd82341b9,
2021-10-20 22:14:21.000,,2021-10-20 22:21:21.396,2021-10-20 22:21:21.396,1.0,UTC+0900,MN1BiSH8rg,com.sec.android.app.shealth,2021-10-20 22:14:46.000,f0c8320d-3628-4099-a283-7d00d8061be7,
2021-10-21 00:08:50.000,,2021-10-21 01:09:48.015,2021-10-21 01:09:47.752,2.0,UTC+0900,MN1BiSH8rg,com.sec.android.app.shealth,2021-10-21 00:09:31.000,531323a5-4fb9-433a-b4d8-06daafd11017,
2021-10-21 06:11:31.000,,2021-10-21 06:39:28.552,2021-10-21 06:39:28.484,1.0,UTC+0900,MN1BiSH8rg,com.sec.android.app.shealth,2021-10-21 06:11:49.000,05ff6901-69e1-4e7a-9cfb-43a0e7f50c0d,
2021-10-22 07:31:36.000,,2021-10-22 07:45:21.473,2021-10-22 07:45:21.047,1.0,UTC+0900,MN1BiSH8rg,com.sec.android.app.shealth,2021-10-22 07:32:07.000,54e80498-704e-4f3e-a392-49c833b96d7c,
2021-10-24 22:17:55.000,,2021-10-24 22:23:30.099,2021-10-24 22:23:29.674,2.0,UTC+0900,MN1BiSH8rg,com.sec.android.app.shealth,2021-10-24 22:19:28.000,3e9544fd-58ce-4b47-b463-778739413f40,
2021-10-26 00:53:06.000,,2021-10-26 02:57:01.762,2021-10-26 02:57:01.529,1.0,UTC+0900,MN1BiSH8rg,com.sec.android.app.shealth,2021-10-26 00:53:45.000,df53c463-c722-4214-94b1-46e1c9b6e2b0,
2021-10-26 22:16:44.000,,2021-10-26 22:27:11.910,2021-10-26 22:27:11.910,1.0,UTC+0900,MN1BiSH8rg,com.sec.android.app.shealth,2021-10-26 22:17:13.000,a1d441f7-5d88-47e2-a318-0f6522db5aa2,
2021-10-28 00:18:16.000,,2021-10-28 00:46:40.874,2021-10-28 00:46:40.124,2.0,UTC+0900,MN1BiSH8rg,com.sec.android.app.shealth,2021-10-28 00:19:01.000,a7cf8b61-3cca-4228-9cb3-c29b8f3219cf,
2021-10-28 22:18:17.000,,2021-10-28 22:22:29.681,2021-10-28 22:22:29.021,2.0,UTC+0900,MN1BiSH8rg,com.sec.android.app.shealth,2021-10-28 22:19:23.000,3ad8683f-c2dd-4cf4-a6b9-55b1cfdcc5d1,
2021-10-29 03:40:16.000,,2021-10-29 03:48:15.753,2021-10-29 03:48:15.723,1.0,UTC+0900,MN1BiSH8rg,com.sec.android.app.shealth,2021-10-29 03:40:31.000,5f3a5a74-fed7-49b6-9880-1eca0a5e8cbb,
2021-10-29 05:25:04.000,,2021-10-29 05:53:04.410,2021-10-29 05:53:03.740,1.0,UTC+0900,MN1BiSH8rg,com.sec.android.app.shealth,2021-10-29 05:25:28.000,8e441c53-cbef-41a9-aece-a6b4459fb9f4,
2021-10-30 01:05:48.000,,2021-10-30 01:13:49.434,2021-10-30 01:13:13.352,4.0,UTC+0900,MN1BiSH8rg,com.sec.android.app.shealth,2021-10-30 01:07:23.000,8fd63319-88ca-43fa-80ef-6da3a3d458b9,
2021-10-30 10:29:33.000,,2021-10-30 10:31:47.209,2021-10-30 10:31:47.209,1.0,UTC+0900,MN1BiSH8rg,com.sec.android.app.shealth,2021-10-30 10:30:01.000,cdddd7c7-8d81-4f22-9cd6-461273b604ce,
2021-11-01 03:19:03.000,,2021-11-01 03:22:31.697,2021-11-01 03:22:31.322,4.0,UTC+0900,MN1BiSH8rg,com.sec.android.app.shealth,2021-11-01 03:20:29.000,1c00d305-ff7b-43a8-9cb6-615538162e66,
2021-11-01 07:46:59.000,,2021-11-01 07:51:00.273,2021-11-01 07:50:59.956,1.0,UTC+0900,MN1BiSH8rg,com.sec.android.app.shealth,2021-11-01 07:47:32.000,d55f1fa7-cb2f-43e4-9497-decd90e584bb,
2021-11-02 03:11:20.000,,2021-11-02 03:25:44.293,2021-11-02 03:25:43.337,6.0,UTC+0900,MN1BiSH8rg,com.sec.android.app.shealth,2021-11-02 03:13:51.000,665d2090-20a4-40b3-93bb-3d512c44de8f,
2021-11-03 01:39:44.000,,2021-11-03 01:46:28.169,2021-11-03 01:46:27.232,1.0,UTC+0900,MN1BiSH8rg,com.sec.android.app.shealth,2021-11-03 01:40:04.000,fa9a10ea-794e-4614-8d7b-fbf9cdc189b5,
2021-11-03 03:20:36.000,,2021-11-03 03:23:04.664,2021-11-03 03:23:04.518,1.0,UTC+0900,MN1BiSH8rg,com.sec.android.app.shealth,2021-11-03 03:20:52.000,e1745c16-4920-4f72-bf90-cab9f64434dc,
2021-11-03 23:33:58.000,,2021-11-03 23:39:48.021,2021-11-03 23:39:47.496,1.0,UTC+0900,MN1BiSH8rg,com.sec.android.app.shealth,2021-11-03 23:34:30.000,0d2b99b6-835f-4b21-a8ef-2be5f0955185,
2021-11-04 03:31:04.000,,2021-11-04 03:37:46.432,2021-11-04 03:37:46.362,2.0,UTC+0900,MN1BiSH8rg,com.sec.android.app.shealth,2021-11-04 03:31:47.000,1f898b27-2772-4d4d-a66e-a5b83646ba87,
2021-11-05 00:32:35.000,,2021-11-05 01:33:58.916,2021-11-05 01:33:58.587,1.0,UTC+0900,MN1BiSH8rg,com.sec.android.app.shealth,2021-11-05 00:32:55.000,a69c642e-f71f-4103-b2dc-7610f2cccc33,
2021-11-05 03:17:49.000,,2021-11-05 03:24:45.231,2021-11-05 03:24:44.867,4.0,UTC+0900,MN1BiSH8rg,com.sec.android.app.shealth,2021-11-05 03:19:16.000,a7234738-cb2e-4387-9fe3-1c572d6dc7a8,
2021-11-08 03:23:43.000,,2021-11-08 04:24:02.838,2021-11-08 04:24:02.533,1.0,UTC+0900,MN1BiSH8rg,com.sec.android.app.shealth,2021-11-08 03:24:08.000,11e03da8-b8f3-4bf2-8b25-3e5eb1870cf3,
2021-11-09 07:32:37.000,,2021-11-09 07:45:27.556,2021-11-09 07:45:26.600,1.0,UTC+0900,MN1BiSH8rg,com.sec.android.app.shealth,2021-11-09 07:33:13.000,122dd56b-d0cf-4cf6-aa3f-5819c3a03e13,
2021-11-10 07:47:14.000,,2021-11-10 07:57:08.174,2021-11-10 07:57:08.174,1.0,UTC+0900,MN1BiSH8rg,com.sec.android.app.shealth,2021-11-10 07:47:39.000,020aee50-ea5e-4105-8520-2a587be1b8b0,
2021-11-11 07:34:30.000,,2021-11-11 07:46:06.986,2021-11-11 07:46:06.475,1.0,UTC+0900,MN1BiSH8rg,com.sec.android.app.shealth,2021-11-11 07:35:09.000,d3147fe1-bd78-45ca-b61f-7d4d6e000bd2,
2021-11-12 05:23:20.000,,2021-11-12 05:34:30.837,2021-11-12 05:34:30.837,1.0,UTC+0900,MN1BiSH8rg,com.sec.android.app.shealth,2021-11-12 05:23:47.000,420928cc-ba33-4c3e-aa62-681ad68ccf2e,
2021-11-15 01:11:56.000,,2021-11-15 02:14:44.238,2021-11-15 02:14:44.218,1.0,UTC+0900,MN1BiSH8rg,com.sec.android.app.shealth,2021-11-15 01:12:16.000,94daefd4-9ecf-411c-8e88-b1a40ac6d1de,
2021-11-15 03:20:23.000,,2021-11-15 03:30:04.964,2021-11-15 03:30:04.579,1.0,UTC+0900,MN1BiSH8rg,com.sec.android.app.shealth,2021-11-15 03:20:54.000,e66f96bd-ee9f-4aa2-84d9-90468c27b638,
2021-11-15 22:18:16.000,,2021-11-15 22:20:41.580,2021-11-15 22:20:40.083,3.0,UTC+0900,MN1BiSH8rg,com.sec.android.app.shealth,2021-11-15 22:19:39.000,53cac491-5e60-422d-805e-72a99b7245a0,
2021-11-16 22:18:41.000,,2021-11-16 22:24:38.325,2021-11-16 22:24:36.902,3.0,UTC+0900,MN1BiSH8rg,com.sec.android.app.shealth,2021-11-16 22:19:45.000,2226dbee-c6a5-4c48-a81d-79ec74466c0f,
2021-11-17 04:00:11.000,,2021-11-17 04:01:44.804,2021-11-17 04:01:44.157,1.0,UTC+0900,MN1BiSH8rg,com.sec.android.app.shealth,2021-11-17 04:00:32.000,9602a15c-93e7-48e3-8bf3-df77fe2d828c,
2021-11-19 03:12:06.000,,2021-11-19 03:16:07.273,2021-11-19 03:16:06.645,1.0,UTC+0900,MN1BiSH8rg,com.sec.android.app.shealth,2021-11-19 03:12:36.000,a6d5e3b2-65ff-42d8-bc63-008a3084573c,
2021-11-19 03:28:47.000,,2021-11-19 03:34:51.555,2021-11-19 03:34:50.845,1.0,UTC+0900,MN1BiSH8rg,com.sec.android.app.shealth,2021-11-19 03:29:21.000,6a53ae74-e696-4663-ae85-1b89c59bf4f4,
2021-11-21 22:15:20.000,,2021-11-21 22:25:39.764,2021-11-21 22:25:37.972,3.0,UTC+0900,MN1BiSH8rg,com.sec.android.app.shealth,2021-11-21 22:16:35.000,60ae6d33-65b6-49fa-b46f-0dc3896ce63d,
2021-11-22 10:27:41.000,,2021-11-22 10:30:48.570,2021-11-22 10:30:47.743,1.0,UTC+0900,MN1BiSH8rg,com.sec.android.app.shealth,2021-11-22 10:28:11.000,3a02c460-2a73-4ff7-b0e8-5db70310507f,
2021-11-23 03:48:00.000,,2021-11-23 03:56:27.520,2021-11-23 03:56:27.520,1.0,UTC+0900,MN1BiSH8rg,com.sec.android.app.shealth,2021-11-23 03:48:28.000,f098e3bf-e803-44f3-9698-8b00495009d4,
2021-11-24 03:20:56.000,,2021-11-24 03:29:31.407,2021-11-24 03:29:31.380,1.0,UTC+0900,MN1BiSH8rg,com.sec.android.app.shealth,2021-11-24 03:21:06.000,acac95fa-8d31-44f6-892a-f69375c0d2c5,
2021-11-25 00:44:42.000,,2021-11-25 00:46:56.185,2021-11-25 00:46:55.910,1.0,UTC+0900,MN1BiSH8rg,com.sec.android.app.shealth,2021-11-25 00:45:10.000,58cf0e02-fdef-48c7-91cd-681afa4a7301,
2021-11-25 03:28:10.000,,2021-11-25 03:33:37.590,2021-11-25 03:33:37.575,1.0,UTC+0900,MN1BiSH8rg,com.sec.android.app.shealth,2021-11-25 03:28:37.000,cc2e610d-37c3-4e29-aa32-be67bc1f3e21,
2021-11-25 05:53:37.000,,2021-11-25 05:53:55.169,2021-11-25 05:53:55.103,1.0,UTC+0900,MN1BiSH8rg,com.sec.android.app.shealth,2021-11-25 05:53:55.000,490576b8-ec79-404f-b5fe-61dc95b284b1,
2021-11-26 01:40:24.000,,2021-11-26 01:43:43.539,2021-11-26 01:43:43.405,1.0,UTC+0900,MN1BiSH8rg,com.sec.android.app.shealth,2021-11-26 01:40:46.000,29cfb9cb-34fd-4a5f-a4be-0f95c5b833bb,
2021-11-26 22:21:13.000,,2021-11-26 22:25:10.142,2021-11-26 22:25:09.998,1.0,UTC+0900,MN1BiSH8rg,com.sec.android.app.shealth,2021-11-26 22:21:34.000,1751bbac-366a-4c9c-aa26-19ef510facd4,
2021-11-27 02:50:14.000,,2021-11-27 02:53:16.462,2021-11-27 02:53:16.015,3.0,UTC+0900,MN1BiSH8rg,com.sec.android.app.shealth,2021-11-27 02:51:08.000,c11e7726-eab2-4b65-8045-7d5ef5b3301c,
2021-11-27 05:32:17.000,,2021-11-27 05:36:36.370,2021-11-27 05:36:36.216,1.0,UTC+0900,MN1BiSH8rg,com.sec.android.app.shealth,2021-11-27 05:32:36.000,93fd8381-2688-4ca2-9c19-0b3bf7a19d3f,
2021-11-28 22:16:42.000,,2021-11-28 22:20:50.224,2021-11-28 22:20:49.900,3.0,UTC+0900,MN1BiSH8rg,com.sec.android.app.shealth,2021-11-28 22:17:59.000,8db6946d-1330-4cd5-bdee-a799351b6b36,
2021-11-29 03:49:37.000,,2021-11-29 04:05:55.204,2021-11-29 04:05:54.131,3.0,UTC+0900,MN1BiSH8rg,com.sec.android.app.shealth,2021-11-29 03:50:40.000,df63d108-f721-4882-b272-edd9e9742a0c,
2021-11-30 09:36:06.000,,2021-11-30 09:41:19.130,2021-11-30 09:41:18.766,1.0,UTC+0900,MN1BiSH8rg,com.sec.android.app.shealth,2021-11-30 09:36:24.000,88e3129e-f7ae-418e-b096-484ffa7c1650,
2021-12-01 22:16:41.000,,2021-12-01 22:17:59.652,2021-12-01 22:17:03.661,3.0,UTC+0900,MN1BiSH8rg,com.sec.android.app.shealth,2021-12-01 22:18:00.000,85307efb-98d1-41ce-95ea-4cd47842e388,
2021-12-02 03:15:21.000,,2021-12-02 03:19:39.622,2021-12-02 03:19:39.476,1.0,UTC+0900,MN1BiSH8rg,com.sec.android.app.shealth,2021-12-02 03:15:59.000,226beec2-6ae8-438d-ad78-6bed494a90f9,
2021-12-03 03:21:07.000,,2021-12-03 03:22:48.709,2021-12-03 03:22:48.318,1.0,UTC+0900,MN1BiSH8rg,com.sec.android.app.shealth,2021-12-03 03:21:48.000,9b9a3276-759e-4306-ba71-d02b2f438030,
2021-12-03 07:28:03.000,,2021-12-03 07:56:17.867,2021-12-03 07:56:17.839,1.0,UTC+0900,MN1BiSH8rg,com.sec.android.app.shealth,2021-12-03 07:28:37.000,228f07d8-48c9-4d82-9771-d59f8522e404,
2021-12-06 03:32:44.000,,2021-12-06 03:42:54.440,2021-12-06 03:42:01.157,3.0,UTC+0900,MN1BiSH8rg,com.sec.android.app.shealth,2021-12-06 03:35:00.000,2f40150d-90aa-4c62-a20f-db8dc86f0dfe,
2021-12-06 07:35:48.000,,2021-12-06 07:39:40.250,2021-12-06 07:39:39.781,1.0,UTC+0900,MN1BiSH8rg,com.sec.android.app.shealth,2021-12-06 07:36:07.000,ee62b5b4-ac36-4cb6-9e1b-cc788e86b77d,
2021-12-08 01:19:22.001,,2021-12-08 01:32:03.406,2021-12-08 01:32:03.249,1.0,UTC+0900,MN1BiSH8rg,com.sec.android.app.shealth,2021-12-08 01:19:40.000,e92cc185-2d0f-4588-b986-91fd0fb07e93,
2021-12-08 10:02:40.999,,2021-12-08 10:04:04.169,2021-12-08 10:04:04.169,1.0,UTC+0900,MN1BiSH8rg,com.sec.android.app.shealth,2021-12-08 10:02:52.999,79100434-64bb-4b0f-9587-5947c08f3c7e,
2021-12-09 01:28:11.000,,2021-12-09 01:32:43.002,2021-12-09 01:32:42.798,1.0,UTC+0900,MN1BiSH8rg,com.sec.android.app.shealth,2021-12-09 01:28:30.000,5fa970a7-1993-4bd4-a54b-d6bbbbf1fa04,
2021-12-09 07:41:55.000,,2021-12-09 07:48:45.899,2021-12-09 07:48:45.899,1.0,UTC+0900,MN1BiSH8rg,com.sec.android.app.shealth,2021-12-09 07:42:19.000,336de7cc-253a-406c-b634-2b7744bdf92a,
2021-12-10 09:54:12.000,,2021-12-10 09:56:00.378,2021-12-10 09:56:00.378,1.0,UTC+0900,MN1BiSH8rg,com.sec.android.app.shealth,2021-12-10 09:54:35.000,026c6afd-9a71-4635-977e-6ca3439b48a2,
2021-12-13 09:30:54.000,,2021-12-13 09:38:58.873,2021-12-13 09:38:58.522,2.0,UTC+0900,MN1BiSH8rg,com.sec.android.app.shealth,2021-12-13 09:32:15.999,077168e0-3081-4ff2-a77a-8342785d2ea2,
2021-12-14 04:00:01.000,,2021-12-14 04:00:33.131,2021-12-14 04:00:16.172,2.0,UTC+0900,MN1BiSH8rg,com.sec.android.app.shealth,2021-12-14 04:00:33.000,f56c940f-e899-46b9-917f-435ee5056e32,
2021-12-16 10:24:34.000,,2021-12-16 10:25:07.519,2021-12-16 10:25:07.519,1.0,UTC+0900,MN1BiSH8rg,com.sec.android.app.shealth,2021-12-16 10:24:43.000,d5fcc931-3a18-40bb-b6bb-ba9dbad7602a,
2021-10-11 04:00:25.000,,2021-10-11 04:02:46.115,2021-10-11 04:02:46.003,1.0,UTC+0900,MN1BiSH8rg,com.sec.android.app.shealth,2021-10-11 04:01:06.000,bddef4d7-c658-427f-a356-33161800c3bf,
2021-10-12 22:20:59.000,,2021-10-12 22:22:13.504,2021-10-12 22:22:13.271,2.0,UTC+0900,MN1BiSH8rg,com.sec.android.app.shealth,2021-10-12 22:21:47.000,0e6a37c5-b6ee-4b07-b143-2c181b2656d0,
2021-10-13 04:39:53.000,,2021-10-13 04:42:02.893,2021-10-13 04:42:02.575,3.0,UTC+0900,MN1BiSH8rg,com.sec.android.app.shealth,2021-10-13 04:41:04.000,d2ba2d7f-861f-42ce-87fd-87d487392f7b,
2021-10-14 23:02:21.000,,2021-10-14 23:12:28.225,2021-10-14 23:12:27.162,1.0,UTC+0900,MN1BiSH8rg,com.sec.android.app.shealth,2021-10-14 23:02:39.000,7235dfce-bd82-4975-9797-1631013031ba,
2021-10-15 01:07:52.000,,2021-10-15 01:18:52.491,2021-10-15 01:18:52.362,1.0,UTC+0900,MN1BiSH8rg,com.sec.android.app.shealth,2021-10-15 01:08:17.000,ef16167c-63b9-4e9f-b777-6414ddb45164,
2021-10-15 04:56:42.000,,2021-10-15 05:08:40.128,2021-10-15 05:08:39.951,1.0,UTC+0900,MN1BiSH8rg,com.sec.android.app.shealth,2021-10-15 04:57:07.000,96736469-3bcc-4c68-9a9a-ab1b80e519ee,
2021-10-18 00:40:48.000,,2021-10-18 01:18:42.126,2021-10-18 01:18:40.868,3.0,UTC+0900,MN1BiSH8rg,com.sec.android.app.shealth,2021-10-18 00:41:38.000,d2aad9b0-79e9-4d45-b97f-29390aa7c433,
2021-10-18 06:52:58.000,,2021-10-18 07:24:40.116,2021-10-18 07:24:40.060,1.0,UTC+0900,MN1BiSH8rg,com.sec.android.app.shealth,2021-10-18 06:53:18.000,22a68138-be96-4c38-976c-853f3faf70d7,
2021-10-19 06:52:25.000,,2021-10-19 07:01:57.895,2021-10-19 07:01:57.850,1.0,UTC+0900,MN1BiSH8rg,com.sec.android.app.shealth,2021-10-19 06:52:43.000,a51385ea-8251-4eb8-9206-1ff0cafeb81c,
2021-10-20 01:13:19.000,,2021-10-20 01:31:15.388,2021-10-20 01:31:14.644,3.0,UTC+0900,MN1BiSH8rg,com.sec.android.app.shealth,2021-10-20 01:14:17.000,7ccae22f-3f90-47ba-bc72-8d594b8191a6,
2021-10-20 22:16:53.000,,2021-10-20 22:21:22.457,2021-10-20 22:21:21.762,2.0,UTC+0900,MN1BiSH8rg,com.sec.android.app.shealth,2021-10-20 22:17:45.000,a51da135-255e-4ac0-b948-b39343840efb,
2021-10-21 02:08:14.000,,2021-10-21 02:20:32.222,2021-10-21 02:20:31.677,1.0,UTC+0900,MN1BiSH8rg,com.sec.android.app.shealth,2021-10-21 02:08:49.000,4b395bc8-7eee-409e-870b-691e4ddb3ba9,
2021-10-21 22:10:03.000,,2021-10-21 22:18:11.817,2021-10-21 22:18:11.817,1.0,UTC+0900,MN1BiSH8rg,com.sec.android.app.shealth,2021-10-21 22:10:31.000,b529c588-c9f9-41d9-8f2b-8b59f5d550bd,
2021-10-22 08:03:20.000,,2021-10-22 09:10:43.326,2021-10-22 09:10:41.843,2.0,UTC+0900,MN1BiSH8rg,com.sec.android.app.shealth,2021-10-22 08:04:08.000,ed456bf8-1341-49d4-8b72-b54ef10b7105,
2021-10-24 22:55:16.000,,2021-10-25 00:40:58.856,2021-10-25 00:40:58.597,1.0,UTC+0900,MN1BiSH8rg,com.sec.android.app.shealth,2021-10-24 22:55:36.000,eeb24b3f-665e-4dff-92b3-8ee7d292980f,
2021-10-26 04:30:09.000,,2021-10-26 04:37:17.559,2021-10-26 04:37:17.090,1.0,UTC+0900,MN1BiSH8rg,com.sec.android.app.shealth,2021-10-26 04:30:46.000,cb07c578-9889-4eb3-a1f4-bf025603cfc2,
2021-10-26 22:59:23.000,,2021-10-27 00:40:41.103,2021-10-27 00:40:40.747,1.0,UTC+0900,MN1BiSH8rg,com.sec.android.app.shealth,2021-10-26 22:59:41.000,19907674-bac4-4c1d-acd9-46ae3419d37f,
2021-10-28 00:47:54.000,,2021-10-28 00:55:05.657,2021-10-28 00:55:03.905,2.0,UTC+0900,MN1BiSH8rg,com.sec.android.app.shealth,2021-10-28 00:48:46.000,65d35a75-d16e-4bcf-b533-0961af6a58a7,
2021-10-29 01:18:25.000,,2021-10-29 01:21:21.529,2021-10-29 01:21:21.316,1.0,UTC+0900,MN1BiSH8rg,com.sec.android.app.shealth,2021-10-29 01:18:46.000,adaf073d-fa84-47a9-8a46-e9424b4df267,
2021-10-29 03:41:00.000,,2021-10-29 03:48:15.822,2021-10-29 03:48:15.777,2.0,UTC+0900,MN1BiSH8rg,com.sec.android.app.shealth,2021-10-29 03:41:52.000,3d475b45-d023-41fb-b691-9b554218d510,
2021-10-29 23:41:38.000,,2021-10-29 23:51:00.665,2021-10-29 23:51:00.665,1.0,UTC+0900,MN1BiSH8rg,com.sec.android.app.shealth,2021-10-29 23:42:06.000,481023f3-9bd1-402b-a1ae-a922a8080e63,
2021-10-30 01:08:36.000,,2021-10-30 01:13:49.551,2021-10-30 01:13:49.454,3.0,UTC+0900,MN1BiSH8rg,com.sec.android.app.shealth,2021-10-30 01:10:08.000,4469a61e-de8a-4995-8311-040c7637e054,
2021-10-31 08:03:12.000,,2021-10-31 08:44:30.283,2021-10-31 08:44:29.892,1.0,UTC+0900,MN1BiSH8rg,com.sec.android.app.shealth,2021-10-31 08:03:20.000,4dd41c34-bdc6-4205-b484-73b633531983,
2021-11-01 03:45:45.000,,2021-11-01 03:49:53.369,2021-11-01 03:49:52.293,1.0,UTC+0900,MN1BiSH8rg,com.sec.android.app.shealth,2021-11-01 03:46:06.000,00c92799-45be-4679-8d9a-20c771d259bf,
2021-11-01 22:20:21.000,,2021-11-01 22:32:58.614,2021-11-01 22:32:57.793,1.0,UTC+0900,MN1BiSH8rg,com.sec.android.app.shealth,2021-11-01 22:21:02.000,a428ea06-0137-48de-801f-1c7606ed4b6e,
2021-11-02 03:44:49.000,,2021-11-02 03:50:42.996,2021-11-02 03:50:42.996,1.0,UTC+0900,MN1BiSH8rg,com.sec.android.app.shealth,2021-11-02 03:45:17.000,9c3a1727-e864-4641-862b-d6c459e8b778,
2021-11-03 03:13:04.000,,2021-11-03 03:23:01.745,2021-11-03 03:23:01.745,1.0,UTC+0900,MN1BiSH8rg,com.sec.android.app.shealth,2021-11-03 03:13:33.000,9f82ebc1-9f00-450e-9a92-38734b2dac98,
2021-11-03 03:29:04.000,,2021-11-03 03:34:17.990,2021-11-03 03:34:17.716,1.0,UTC+0900,MN1BiSH8rg,com.sec.android.app.shealth,2021-11-03 03:29:34.000,1e8be68f-0a21-4c9f-bb0e-7ee89433d617,
2021-11-04 02:07:53.000,,2021-11-04 02:11:01.645,2021-11-04 02:11:01.441,1.0,UTC+0900,MN1BiSH8rg,com.sec.android.app.shealth,2021-11-04 02:08:13.000,e70f76be-de80-4652-ac44-14fdde9f0dea,
2021-11-04 03:35:43.000,,2021-11-04 03:37:46.494,2021-11-04 03:37:46.451,2.0,UTC+0900,MN1BiSH8rg,com.sec.android.app.shealth,2021-11-04 03:37:27.000,3cea21e3-acd1-4189-8985-f90dfaa66779,
2021-11-05 00:35:01.000,,2021-11-05 01:33:59.242,2021-11-05 01:33:59.087,1.0,UTC+0900,MN1BiSH8rg,com.sec.android.app.shealth,2021-11-05 00:35:22.000,8e9548a3-a0bd-4ed6-8f62-4d224960af84,
2021-11-05 03:19:22.000,,2021-11-05 03:24:45.398,2021-11-05 03:24:45.324,1.0,UTC+0900,MN1BiSH8rg,com.sec.android.app.shealth,2021-11-05 03:19:51.000,699c1b7a-10b8-4b9b-b9ed-392bcf352551,
2021-11-08 04:18:16.000,,2021-11-08 04:24:03.257,2021-11-08 04:24:03.050,1.0,UTC+0900,MN1BiSH8rg,com.sec.android.app.shealth,2021-11-08 04:18:47.000,ce45ede7-fed2-470d-8e6c-4c925fd4c0e7,
2021-11-09 07:36:51.000,,2021-11-09 07:45:28.409,2021-11-09 07:45:27.878,1.0,UTC+0900,MN1BiSH8rg,com.sec.android.app.shealth,2021-11-09 07:37:32.000,db65c274-da7f-4810-af7b-43250faaa6d9,
2021-11-10 22:22:46.000,,2021-11-10 22:34:59.416,2021-11-10 22:34:57.411,2.0,UTC+0900,MN1BiSH8rg,com.sec.android.app.shealth,2021-11-10 22:23:31.000,4a75e12e-d777-4d9a-92e7-8391626774b8,
2021-11-11 22:17:29.000,,2021-11-11 22:25:52.246,2021-11-11 22:25:51.191,3.0,UTC+0900,MN1BiSH8rg,com.sec.android.app.shealth,2021-11-11 22:18:46.000,7fb1b548-0384-4e46-8b40-981d6131c1f5,
2021-11-14 12:10:20.000,,2021-11-14 12:16:44.920,2021-11-14 12:16:43.995,3.0,UTC+0900,MN1BiSH8rg,com.sec.android.app.shealth,2021-11-14 12:11:32.000,865b311d-7977-4534-9407-3c93930919b5,
2021-11-15 02:08:25.000,,2021-11-15 02:14:44.297,2021-11-15 02:14:44.255,2.0,UTC+0900,MN1BiSH8rg,com.sec.android.app.shealth,2021-11-15 02:09:04.000,8f7d4059-accd-4f67-a4c1-c2e5861d85d6,
2021-11-15 03:21:02.000,,2021-11-15 03:30:05.612,2021-11-15 03:30:05.151,1.0,UTC+0900,MN1BiSH8rg,com.sec.android.app.shealth,2021-11-15 03:21:46.000,77b7cb06-7396-4aa0-bb3b-e8743686eead,
2021-11-16 01:51:41.000,,2021-11-16 02:08:49.305,2021-11-16 02:08:49.198,1.0,UTC+0900,MN1BiSH8rg,com.sec.android.app.shealth,2021-11-16 01:51:59.000,02a56cb3-4095-4656-8af1-c949bae964df,
2021-11-17 00:20:34.000,,2021-11-17 00:26:11.190,2021-11-17 00:26:10.379,2.0,UTC+0900,MN1BiSH8rg,com.sec.android.app.shealth,2021-11-17 00:21:11.000,dbf713d8-afce-435a-9ee7-f2d0867b38b2,
2021-11-17 05:59:42.000,,2021-11-17 06:25:21.780,2021-11-17 06:25:21.395,2.0,UTC+0900,MN1BiSH8rg,com.sec.android.app.shealth,2021-11-17 06:00:18.000,b65d2d72-8631-4495-b588-c43fb0d17b38,
2021-11-19 03:12:44.000,,2021-11-19 03:16:08.629,2021-11-19 03:16:07.944,1.0,UTC+0900,MN1BiSH8rg,com.sec.android.app.shealth,2021-11-19 03:13:21.000,c3b6bada-78fe-4bca-95f3-d1fc79df56ac,
2021-11-19 03:29:31.000,,2021-11-19 03:34:53.648,2021-11-19 03:34:52.126,2.0,UTC+0900,MN1BiSH8rg,com.sec.android.app.shealth,2021-11-19 03:30:36.000,17ee90c9-8225-41cb-9801-48a7c25dc3b8,
2021-11-22 01:43:21.000,,2021-11-22 02:55:11.342,2021-11-22 02:55:10.773,1.0,UTC+0900,MN1BiSH8rg,com.sec.android.app.shealth,2021-11-22 01:43:51.000,db56ec96-0be0-4816-8fd8-332b67195879,
2021-11-22 11:28:42.000,,2021-11-22 21:00:03.402,2021-11-22 21:00:03.090,1.0,UTC+0900,MN1BiSH8rg,com.sec.android.app.shealth,2021-11-22 11:28:52.000,7afefd2c-c06e-409a-a581-f250a793f9a8,
2021-11-23 22:12:21.000,,2021-11-23 22:18:28.126,2021-11-23 22:18:28.126,1.0,UTC+0900,MN1BiSH8rg,com.sec.android.app.shealth,2021-11-23 22:12:48.000,8e7e496e-569e-4633-8c99-83ef0bd130c1,
2021-11-24 03:21:30.000,,2021-11-24 03:29:31.461,2021-11-24 03:29:31.423,2.0,UTC+0900,MN1BiSH8rg,com.sec.android.app.shealth,2021-11-24 03:21:53.000,1ae40296-59d7-4d67-8446-f7440202de3a,
2021-11-25 01:08:26.000,,2021-11-25 01:10:57.062,2021-11-25 01:10:56.941,1.0,UTC+0900,MN1BiSH8rg,com.sec.android.app.shealth,2021-11-25 01:08:46.000,4e59a875-d447-46f0-9224-465060cd5306,
2021-11-25 03:30:48.000,,2021-11-25 03:33:37.620,2021-11-25 03:33:37.604,1.0,UTC+0900,MN1BiSH8rg,com.sec.android.app.shealth,2021-11-25 03:31:16.000,1972cf9d-a61a-4de1-8392-3a717db9348b,
2021-11-25 06:14:01.000,,2021-11-25 06:14:25.334,2021-11-25 06:14:25.133,1.0,UTC+0900,MN1BiSH8rg,com.sec.android.app.shealth,2021-11-25 06:14:19.000,61d438b7-c11a-47d9-917f-73d2bd8d2ca5,
2021-11-26 04:23:36.000,,2021-11-26 04:38:30.108,2021-11-26 04:38:29.956,1.0,UTC+0900,MN1BiSH8rg,com.sec.android.app.shealth,2021-11-26 04:24:13.000,294f5ec3-1190-4fb7-aac6-7744cafc92ee,
2021-11-26 22:24:42.000,,2021-11-26 22:25:10.327,2021-11-26 22:25:10.194,1.0,UTC+0900,MN1BiSH8rg,com.sec.android.app.shealth,2021-11-26 22:25:02.000,add24b65-74f8-49c0-bcbb-5f59ab377b7a,
2021-11-27 03:36:39.000,,2021-11-27 03:39:47.524,2021-11-27 03:39:46.973,1.0,UTC+0900,MN1BiSH8rg,com.sec.android.app.shealth,2021-11-27 03:37:09.000,a69da25e-d254-4698-8832-65d7f1fed320,
2021-11-27 05:33:35.000,,2021-11-27 05:36:36.510,2021-11-27 05:36:36.444,1.0,UTC+0900,MN1BiSH8rg,com.sec.android.app.shealth,2021-11-27 05:33:53.000,ab918798-1a66-4aca-883d-78a6851626cc,
2021-11-29 03:32:41.000,,2021-11-29 03:35:31.069,2021-11-29 03:35:30.671,2.0,UTC+0900,MN1BiSH8rg,com.sec.android.app.shealth,2021-11-29 03:33:38.000,a61e2e54-29b8-4671-824c-232684fcd68b,
2021-11-29 03:50:45.000,,2021-11-29 04:05:55.695,2021-11-29 04:05:55.344,1.0,UTC+0900,MN1BiSH8rg,com.sec.android.app.shealth,2021-11-29 03:51:13.000,bc55badb-b2b9-41c5-a684-3f7800939400,
2021-11-30 22:18:46.000,,2021-11-30 22:20:54.718,2021-11-30 22:20:53.672,3.0,UTC+0900,MN1BiSH8rg,com.sec.android.app.shealth,2021-11-30 22:20:12.000,1b8a4cb6-c058-4075-9d8d-111d2b53bb48,
2021-12-01 23:20:43.000,,2021-12-01 23:29:52.903,2021-12-01 23:29:52.573,3.0,UTC+0900,MN1BiSH8rg,com.sec.android.app.shealth,2021-12-01 23:21:59.000,512038e7-5196-46f2-b8aa-173462a32beb,
2021-12-02 03:16:09.000,,2021-12-02 03:19:40.360,2021-12-02 03:19:39.790,4.0,UTC+0900,MN1BiSH8rg,com.sec.android.app.shealth,2021-12-02 03:17:46.000,b2feba58-8a74-4613-8d2a-d825d32a08eb,
2021-12-03 03:24:19.000,,2021-12-03 03:26:12.943,2021-12-03 03:25:50.353,3.0,UTC+0900,MN1BiSH8rg,com.sec.android.app.shealth,2021-12-03 03:26:06.000,700aa1c4-6eee-4e09-9f1a-cf41923cea05,
2021-12-04 01:02:54.000,,2021-12-04 01:08:56.576,2021-12-04 01:08:56.260,2.0,UTC+0900,MN1BiSH8rg,com.sec.android.app.shealth,2021-12-04 01:03:25.000,c6812663-79be-4844-91b3-0ff26a58a73d,
2021-12-06 03:35:12.000,,2021-12-06 03:42:54.493,2021-12-06 03:42:54.466,1.0,UTC+0900,MN1BiSH8rg,com.sec.android.app.shealth,2021-12-06 03:35:45.000,bf80a4ff-645d-4508-b066-c20d020b61b5,
2021-12-06 22:15:43.000,,2021-12-06 22:19:14.825,2021-12-06 22:19:14.726,2.0,UTC+0900,MN1BiSH8rg,com.sec.android.app.shealth,2021-12-06 22:16:24.000,769c0ecf-0a9e-4335-b14d-a73d6f46cc29,
2021-12-08 03:06:46.000,,2021-12-08 03:14:00.183,2021-12-08 03:08:19.136,5.0,UTC+0900,MN1BiSH8rg,com.sec.android.app.shealth,2021-12-08 03:08:53.000,d648913b-6bda-44c5-9048-eb1d901b4c4b,
2021-12-08 22:19:15.000,,2021-12-08 22:21:31.102,2021-12-08 22:21:30.281,2.0,UTC+0900,MN1BiSH8rg,com.sec.android.app.shealth,2021-12-08 22:20:04.000,ea6c21ad-472e-4145-b5d0-228e05c6ae8d,
2021-12-09 01:44:30.999,,2021-12-09 01:51:37.822,2021-12-09 01:51:37.710,1.0,UTC+0900,MN1BiSH8rg,com.sec.android.app.shealth,2021-12-09 01:44:50.000,60d91bbf-8d04-4fcc-8bc8-1a06181e6a10,
2021-12-09 22:17:49.000,,2021-12-09 22:20:04.498,2021-12-09 22:20:04.020,1.0,UTC+0900,MN1BiSH8rg,com.sec.android.app.shealth,2021-12-09 22:18:12.000,4345337e-7bca-4da8-a612-5814f3110e13,
2021-12-10 09:59:37.000,,2021-12-10 10:00:40.978,2021-12-10 10:00:40.766,2.0,UTC+0900,MN1BiSH8rg,com.sec.android.app.shealth,2021-12-10 10:00:00.000,6a46660a-5ce7-4b21-b6b6-5ce4a9a4baec,
2021-12-14 03:47:41.999,,2021-12-14 03:51:08.196,2021-12-14 03:51:06.850,5.0,UTC+0900,MN1BiSH8rg,com.sec.android.app.shealth,2021-12-14 03:49:55.001,42652317-3b2a-4f80-9a29-29aaa07bd598,
2021-12-14 22:16:53.000,,2021-12-14 22:18:57.659,2021-12-14 22:18:57.367,3.0,UTC+0900,MN1BiSH8rg,com.sec.android.app.shealth,2021-12-14 22:18:01.000,e02654b2-b043-4094-b4b3-7d980ddf8c74,
2021-12-16 22:15:16.001,,2021-12-16 22:16:53.869,2021-12-16 22:16:53.357,3.0,UTC+0900,MN1BiSH8rg,com.sec.android.app.shealth,2021-12-16 22:16:07.000,05fb637a-fbcf-4e0e-8e45-599b682d9133,
2021-10-11 22:15:44.000,,2021-10-11 22:21:57.468,2021-10-11 22:21:57.468,1.0,UTC+0900,MN1BiSH8rg,com.sec.android.app.shealth,2021-10-11 22:16:13.000,af16ebc9-e2a1-4b3b-91bc-ea2c6d12e00b,
2021-10-13 00:00:36.000,,2021-10-13 00:02:24.986,2021-10-13 00:02:24.902,1.0,UTC+0900,MN1BiSH8rg,com.sec.android.app.shealth,2021-10-13 00:01:21.000,af0ba955-6a83-4d47-82ac-267409d4e348,
2021-10-13 07:08:28.000,,2021-10-13 07:10:16.595,2021-10-13 07:10:16.391,2.0,UTC+0900,MN1BiSH8rg,com.sec.android.app.shealth,2021-10-13 07:09:30.000,c0f5ed9b-d0c4-4d18-8067-ab847f0ac70b,
2021-10-14 23:07:46.000,,2021-10-14 23:12:28.725,2021-10-14 23:12:28.299,1.0,UTC+0900,MN1BiSH8rg,com.sec.android.app.shealth,2021-10-14 23:08:02.000,066801d1-6b68-4357-8568-470843203379,
2021-10-15 01:32:24.000,,2021-10-15 01:38:26.583,2021-10-15 01:38:26.365,1.0,UTC+0900,MN1BiSH8rg,com.sec.android.app.shealth,2021-10-15 01:32:46.000,2b0d8306-4287-44e2-abc5-07fce7969cb2,
2021-10-17 22:12:19.000,,2021-10-17 22:20:22.567,2021-10-17 22:20:22.246,1.0,UTC+0900,MN1BiSH8rg,com.sec.android.app.shealth,2021-10-17 22:13:10.000,f754c51d-6a76-4fcd-97e9-fb997c4a7631,
2021-10-18 01:49:36.000,,2021-10-18 01:56:58.989,2021-10-18 01:56:58.571,1.0,UTC+0900,MN1BiSH8rg,com.sec.android.app.shealth,2021-10-18 01:49:57.000,133e26ac-b0d5-4120-aba2-e8ce64a742b5,
2021-10-18 22:12:42.000,,2021-10-18 22:21:53.730,2021-10-18 22:21:53.730,1.0,UTC+0900,MN1BiSH8rg,com.sec.android.app.shealth,2021-10-18 22:13:10.000,b6bea56a-da5e-456d-880f-9fac36a4fd8a,
2021-10-19 22:15:29.000,,2021-10-19 22:18:28.086,2021-10-19 22:18:27.738,3.0,UTC+0900,MN1BiSH8rg,com.sec.android.app.shealth,2021-10-19 22:16:43.000,8698fdf6-7fa6-457b-8b5f-9f8671d4828b,
2021-10-20 01:41:10.000,,2021-10-20 01:56:29.636,2021-10-20 01:56:29.336,1.0,UTC+0900,MN1BiSH8rg,com.sec.android.app.shealth,2021-10-20 01:41:32.000,89251c74-f719-47c9-8097-10668baea94f,
2021-10-20 22:32:01.000,,2021-10-20 23:23:22.929,2021-10-20 23:23:22.286,1.0,UTC+0900,MN1BiSH8rg,com.sec.android.app.shealth,2021-10-20 22:32:18.000,7f032753-ff20-406a-880e-94bd4ac302b9,
2021-10-21 04:08:21.000,,2021-10-21 04:12:29.246,2021-10-21 04:12:28.556,1.0,UTC+0900,MN1BiSH8rg,com.sec.android.app.shealth,2021-10-21 04:09:03.000,8ffd1db7-63a0-4fa3-9f27-696f6dd282f5,
2021-10-21 22:13:57.000,,2021-10-21 22:18:13.235,2021-10-21 22:18:12.169,3.0,UTC+0900,MN1BiSH8rg,com.sec.android.app.shealth,2021-10-21 22:15:05.000,8799bbe6-828e-4cd0-91c2-8543e6257495,
2021-10-23 04:01:26.000,,2021-10-23 04:11:14.591,2021-10-23 04:11:13.878,1.0,UTC+0900,MN1BiSH8rg,com.sec.android.app.shealth,2021-10-23 04:01:58.000,86c0075a-00d2-4081-8f68-551c865e424c,
2021-10-11 22:20:10.000,,2021-10-11 22:21:58.246,2021-10-11 22:21:57.650,3.0,UTC+0900,MN1BiSH8rg,com.sec.android.app.shealth,2021-10-11 22:21:23.000,9709f8ff-0b35-4486-93a4-7553184187b5,
2021-10-25 01:01:54.000,,2021-10-25 03:25:50.492,2021-10-25 03:25:49.663,1.0,UTC+0900,MN1BiSH8rg,com.sec.android.app.shealth,2021-10-25 01:02:16.000,d5cc41e8-d756-4a2a-8478-f0ec7c36e8e7,
2021-10-13 00:08:34.000,,2021-10-13 00:12:24.473,2021-10-13 00:08:59.024,1.0,UTC+0900,MN1BiSH8rg,com.sec.android.app.shealth,2021-10-13 00:09:02.000,573830ad-9382-4167-a982-ccb9505fb6e5,
2021-10-26 04:34:06.000,,2021-10-26 04:37:18.581,2021-10-26 04:37:17.989,1.0,UTC+0900,MN1BiSH8rg,com.sec.android.app.shealth,2021-10-26 04:34:29.000,bb06ef84-1532-47ed-a20a-4da38ae96535,
2021-10-13 21:06:45.000,,2021-10-13 21:08:49.915,2021-10-13 21:08:49.842,1.0,UTC+0900,MN1BiSH8rg,com.sec.android.app.shealth,2021-10-13 21:07:12.000,93ab3ddd-7be5-41c4-abf2-abae1691bc35,
2021-10-27 09:37:43.000,,2021-10-27 09:57:43.338,2021-10-27 09:57:42.884,1.0,UTC+0900,MN1BiSH8rg,com.sec.android.app.shealth,2021-10-27 09:38:16.000,1adafefa-82f9-43ab-ae82-2acf07491b5b,
2021-10-14 23:12:52.000,,2021-10-14 23:15:32.427,2021-10-14 23:15:32.183,1.0,UTC+0900,MN1BiSH8rg,com.sec.android.app.shealth,2021-10-14 23:13:21.000,4c111cdc-88b3-4ea3-9a44-97ed40fafea1,
2021-10-28 03:31:37.000,,2021-10-28 03:57:00.043,2021-10-28 03:56:59.262,4.0,UTC+0900,MN1BiSH8rg,com.sec.android.app.shealth,2021-10-28 03:34:28.000,2b0261fc-0fa3-4021-bb56-bd8697254be9,
2021-10-15 01:43:41.000,,2021-10-15 02:00:43.061,2021-10-15 02:00:42.762,2.0,UTC+0900,MN1BiSH8rg,com.sec.android.app.shealth,2021-10-15 01:44:40.000,b0abcd55-5025-476a-937a-10b47276c2e3,
2021-10-29 01:21:06.000,,2021-10-29 01:25:59.823,2021-10-29 01:21:25.932,1.0,UTC+0900,MN1BiSH8rg,com.sec.android.app.shealth,2021-10-29 01:21:30.000,1a2c7632-1c51-4f45-9f42-1ff0ab4e44b1,
2021-10-17 22:16:05.000,,2021-10-17 22:20:23.965,2021-10-17 22:20:23.011,3.0,UTC+0900,MN1BiSH8rg,com.sec.android.app.shealth,2021-10-17 22:17:09.000,d7048999-7ce1-4146-a31f-cf39fff61840,
2021-10-29 03:42:58.000,,2021-10-29 03:48:15.861,2021-10-29 03:48:15.839,1.0,UTC+0900,MN1BiSH8rg,com.sec.android.app.shealth,2021-10-29 03:43:24.000,303eb3a5-cc23-4869-8770-82150cd40023,
2021-10-18 02:01:02.000,,2021-10-18 02:16:41.201,2021-10-18 02:16:40.585,3.0,UTC+0900,MN1BiSH8rg,com.sec.android.app.shealth,2021-10-18 02:02:08.000,14aed1b1-c4df-4002-8618-ced62b93b748,
2021-10-30 00:01:22.000,,2021-10-30 00:10:52.113,2021-10-30 00:10:49.397,6.0,UTC+0900,MN1BiSH8rg,com.sec.android.app.shealth,2021-10-30 00:04:41.000,38c82d1c-bc61-4322-94f9-f2e05cd1c142,
2021-10-18 22:17:09.000,,2021-10-18 22:21:55.337,2021-10-18 22:21:54.516,2.0,UTC+0900,MN1BiSH8rg,com.sec.android.app.shealth,2021-10-18 22:18:37.000,06e2ae55-5e16-44be-a3f9-b566b9e60031,
2021-10-30 01:10:17.000,,2021-10-30 01:13:49.665,2021-10-30 01:13:49.576,3.0,UTC+0900,MN1BiSH8rg,com.sec.android.app.shealth,2021-10-30 01:12:20.000,fa2ff381-c82d-41c9-a2bb-2dd5cf3a1978,
2021-10-31 22:19:33.000,,2021-10-31 22:31:54.617,2021-10-31 22:31:52.556,3.0,UTC+0900,MN1BiSH8rg,com.sec.android.app.shealth,2021-10-31 22:20:46.000,8aab68ce-274e-4784-882a-37adfc300110,
2021-11-01 04:26:01.000,,2021-11-01 04:33:01.405,2021-11-01 04:33:01.087,1.0,UTC+0900,MN1BiSH8rg,com.sec.android.app.shealth,2021-11-01 04:26:22.000,e0941857-f6cb-4b43-9b40-b4b29acae2c0,
2021-10-19 23:09:47.000,,2021-10-19 23:28:48.554,2021-10-19 23:28:47.916,3.0,UTC+0900,MN1BiSH8rg,com.sec.android.app.shealth,2021-10-19 23:11:57.000,55dce60c-b2bb-4a0a-a78b-26591ccf85fd,
2021-11-01 22:21:08.000,,2021-11-01 22:32:59.396,2021-11-01 22:32:58.899,1.0,UTC+0900,MN1BiSH8rg,com.sec.android.app.shealth,2021-11-01 22:21:44.000,f8d24699-3f59-44f1-8686-fbe5b8a849eb,
2021-11-02 04:13:40.000,,2021-11-02 04:21:47.874,2021-11-02 04:21:47.435,2.0,UTC+0900,MN1BiSH8rg,com.sec.android.app.shealth,2021-11-02 04:14:20.000,155133e1-074c-4cda-a9bf-0806330b3f64,
2021-11-03 03:15:39.000,,2021-11-03 03:23:02.644,2021-11-03 03:23:02.248,1.0,UTC+0900,MN1BiSH8rg,com.sec.android.app.shealth,2021-11-03 03:16:11.000,8798bc13-1564-4695-a0a7-ae89bb31855c,
2021-10-20 01:42:48.000,,2021-10-20 01:56:30.054,2021-10-20 01:56:29.864,1.0,UTC+0900,MN1BiSH8rg,com.sec.android.app.shealth,2021-10-20 01:43:10.000,ddb8cc6e-90a7-4404-8893-f414444f3fdf,
2021-11-03 03:32:14.000,,2021-11-03 03:34:19.477,2021-11-03 03:34:18.593,2.0,UTC+0900,MN1BiSH8rg,com.sec.android.app.shealth,2021-11-03 03:33:24.000,7ae40dbc-a8a2-4ac7-b1ab-9525693040d7,
2021-11-04 03:19:43.000,,2021-11-04 03:24:30.347,2021-11-04 03:20:22.614,2.0,UTC+0900,MN1BiSH8rg,com.sec.android.app.shealth,2021-11-04 03:21:35.000,9d48a975-af36-46c8-813e-7b7d71769243,
2021-11-04 03:37:34.000,,2021-11-04 03:48:33.819,2021-11-04 03:48:33.095,1.0,UTC+0900,MN1BiSH8rg,com.sec.android.app.shealth,2021-11-04 03:38:00.000,8ee7d772-d542-4a95-8921-0631c78eb1e9,
2021-10-20 23:20:16.000,,2021-10-20 23:23:25.424,2021-10-20 23:23:23.692,3.0,UTC+0900,MN1BiSH8rg,com.sec.android.app.shealth,2021-10-20 23:21:36.000,f4f223ef-80be-4c08-906c-89c7a907d040,
2021-11-05 03:12:01.000,,2021-11-05 03:15:41.519,2021-11-05 03:15:39.623,2.0,UTC+0900,MN1BiSH8rg,com.sec.android.app.shealth,2021-11-05 03:12:56.000,ff5d1594-7fa7-446d-84eb-04d6ffb2ecd6,
2021-11-05 03:30:02.000,,2021-11-05 03:35:39.991,2021-11-05 03:35:39.649,1.0,UTC+0900,MN1BiSH8rg,com.sec.android.app.shealth,2021-11-05 03:30:40.000,b8468327-23c4-4faa-a2be-c89a0d37382f,
2021-11-08 05:04:08.000,,2021-11-08 07:31:46.761,2021-11-08 07:31:46.180,2.0,UTC+0900,MN1BiSH8rg,com.sec.android.app.shealth,2021-11-08 05:04:58.000,8cb24a8a-34d8-4c72-b36d-f68f7cf585c9,
2021-11-09 08:48:22.000,,2021-11-09 08:59:14.389,2021-11-09 08:59:13.158,2.0,UTC+0900,MN1BiSH8rg,com.sec.android.app.shealth,2021-11-09 08:49:00.000,3677f09f-94ec-400f-9cc4-5b640c151daa,
2021-10-21 05:06:00.000,,2021-10-21 05:25:16.506,2021-10-21 05:25:16.305,1.0,UTC+0900,MN1BiSH8rg,com.sec.android.app.shealth,2021-10-21 05:06:24.000,0993f5b0-8517-4c2d-b338-af0769be3f2c,
2021-11-11 00:13:08.000,,2021-11-11 00:51:34.324,2021-11-11 00:51:34.062,1.0,UTC+0900,MN1BiSH8rg,com.sec.android.app.shealth,2021-11-11 00:13:31.000,19390305-a0d5-425a-b066-eeaf62c048e7,
2021-10-22 02:26:12.000,,2021-10-22 02:44:46.060,2021-10-22 02:44:45.842,1.0,UTC+0900,MN1BiSH8rg,com.sec.android.app.shealth,2021-10-22 02:26:30.000,7b7dd16f-7dee-4d5e-abfb-6aafb983e066,
2021-11-12 01:41:07.000,,2021-11-12 05:02:29.604,2021-11-12 05:02:29.002,1.0,UTC+0900,MN1BiSH8rg,com.sec.android.app.shealth,2021-11-12 01:41:36.000,006f0f97-db56-4bed-a100-e1d01408ea10,
2021-10-23 10:17:37.000,,2021-10-23 10:24:53.332,2021-10-23 10:19:01.096,2.0,UTC+0900,MN1BiSH8rg,com.sec.android.app.shealth,2021-10-23 10:19:28.000,0187ac43-df9a-4302-a023-350a3dba6811,
2021-11-14 13:51:10.000,,2021-11-14 14:28:53.511,2021-11-14 14:28:51.121,3.0,UTC+0900,MN1BiSH8rg,com.sec.android.app.shealth,2021-11-14 13:52:08.000,6e86e426-ac38-42d0-96a2-1f7394dc7b2b,
2021-11-15 02:12:58.000,,2021-11-15 02:14:44.351,2021-11-15 02:14:44.313,2.0,UTC+0900,MN1BiSH8rg,com.sec.android.app.shealth,2021-11-15 02:13:36.000,f4d87e7f-b3a0-4435-9469-842e483754af,
2021-10-25 05:23:14.000,,2021-10-25 05:24:23.233,2021-10-25 05:24:21.426,1.0,UTC+0900,MN1BiSH8rg,com.sec.android.app.shealth,2021-10-25 05:23:37.000,8b4e2c56-02fc-4fd3-bc45-5f4e43d2621f,
2021-11-15 03:21:51.000,,2021-11-15 03:30:06.283,2021-11-15 03:30:05.765,7.0,UTC+0900,MN1BiSH8rg,com.sec.android.app.shealth,2021-11-15 03:24:26.000,17ba5239-152d-4301-9abe-16f1409cb72b,
2021-10-26 06:29:39.000,,2021-10-26 07:13:10.310,2021-10-26 07:13:09.990,1.0,UTC+0900,MN1BiSH8rg,com.sec.android.app.shealth,2021-10-26 06:30:02.000,996bbfcf-2cc0-4af8-87b1-0f6b49744417,
2021-11-16 03:31:36.000,,2021-11-16 03:34:53.942,2021-11-16 03:34:51.761,2.0,UTC+0900,MN1BiSH8rg,com.sec.android.app.shealth,2021-11-16 03:33:16.000,2256c1c1-580a-49c6-99cd-30d5b5d0ad8f,
2021-10-27 09:41:52.000,,2021-10-27 09:57:43.648,2021-10-27 09:57:43.648,1.0,UTC+0900,MN1BiSH8rg,com.sec.android.app.shealth,2021-10-27 09:42:15.000,427e616a-b38b-41de-9179-1456d2df536a,
2021-11-17 01:16:02.000,,2021-11-17 02:23:57.061,2021-11-17 02:23:56.858,1.0,UTC+0900,MN1BiSH8rg,com.sec.android.app.shealth,2021-11-17 01:16:37.000,31378db8-cbd3-48f8-8d7d-dadacce07a60,
2021-10-28 03:34:43.000,,2021-10-28 03:57:00.246,2021-10-28 03:57:00.156,1.0,UTC+0900,MN1BiSH8rg,com.sec.android.app.shealth,2021-10-28 03:35:16.000,0cde6974-afe9-4b3a-b952-f691583f2ae1,
2021-11-17 07:36:16.000,,2021-11-17 07:52:21.705,2021-11-17 07:52:21.172,1.0,UTC+0900,MN1BiSH8rg,com.sec.android.app.shealth,2021-11-17 07:36:39.000,24a9c86c-b7e8-44c5-b62e-8baa159dcc52,
2021-10-29 01:35:11.000,,2021-10-29 03:33:19.428,2021-10-29 03:33:18.484,1.0,UTC+0900,MN1BiSH8rg,com.sec.android.app.shealth,2021-10-29 01:35:30.000,1bbad977-96a5-4c61-943f-ac304bdca954,
2021-11-19 03:15:15.000,,2021-11-19 03:16:09.326,2021-11-19 03:16:08.748,1.0,UTC+0900,MN1BiSH8rg,com.sec.android.app.shealth,2021-11-19 03:15:47.000,838f7d73-e239-4fea-98df-6dda6c40fca0,
2021-10-29 03:46:16.000,,2021-10-29 04:02:01.749,2021-10-29 03:48:15.879,1.0,UTC+0900,MN1BiSH8rg,com.sec.android.app.shealth,2021-10-29 03:46:47.000,0e1a90f9-6530-4581-941f-90700b42121e,
2021-11-19 03:32:39.000,,2021-11-19 03:34:54.124,2021-11-19 03:34:54.024,1.0,UTC+0900,MN1BiSH8rg,com.sec.android.app.shealth,2021-11-19 03:33:08.000,fe8a1dbe-6e71-4fae-84b0-d31f96516f09,
2021-10-30 00:05:46.000,,2021-10-30 00:10:52.434,2021-10-30 00:10:52.260,2.0,UTC+0900,MN1BiSH8rg,com.sec.android.app.shealth,2021-10-30 00:06:44.000,9c693323-25a6-4c8b-b98b-6b4ef3548385,
2021-11-22 03:57:34.000,,2021-11-22 04:17:22.333,2021-11-22 04:17:21.593,1.0,UTC+0900,MN1BiSH8rg,com.sec.android.app.shealth,2021-11-22 03:58:17.000,b99834af-ef5d-4ffd-8707-9947b761b41c,
2021-10-30 01:12:26.000,,2021-10-30 01:18:13.509,2021-10-30 01:13:49.684,3.0,UTC+0900,MN1BiSH8rg,com.sec.android.app.shealth,2021-10-30 01:13:39.000,e9d08162-0400-4d1f-b24c-8f1e6e2e1ad5,
2021-11-22 22:16:51.000,,2021-11-22 22:33:27.246,2021-11-22 22:33:26.363,3.0,UTC+0900,MN1BiSH8rg,com.sec.android.app.shealth,2021-11-22 22:18:08.000,f32e44f2-b25f-4c7d-833e-6372a570fd5d,
2021-11-01 01:42:28.000,,2021-11-01 01:49:46.236,2021-11-01 01:49:45.417,3.0,UTC+0900,MN1BiSH8rg,com.sec.android.app.shealth,2021-11-01 01:43:49.000,6a2344bb-b803-4f20-b96a-246ac749dd83,
2021-11-23 22:16:22.000,,2021-11-23 22:18:30.173,2021-11-23 22:18:28.791,2.0,UTC+0900,MN1BiSH8rg,com.sec.android.app.shealth,2021-11-23 22:17:05.000,580cd44d-b4b4-44d2-9997-5593126922fc,
2021-11-01 05:38:39.000,,2021-11-01 06:40:31.288,2021-11-01 06:40:31.150,1.0,UTC+0900,MN1BiSH8rg,com.sec.android.app.shealth,2021-11-01 05:38:59.000,f59ffa78-7a67-4674-bd48-ee8c0136b3c3,
2021-11-24 03:24:32.000,,2021-11-24 03:29:31.499,2021-11-24 03:29:31.477,1.0,UTC+0900,MN1BiSH8rg,com.sec.android.app.shealth,2021-11-24 03:25:14.000,310adfc2-dd01-4a29-acd7-142df12548b4,
2021-11-02 01:34:49.000,,2021-11-02 01:36:29.316,2021-11-02 01:36:28.363,1.0,UTC+0900,MN1BiSH8rg,com.sec.android.app.shealth,2021-11-02 01:35:17.000,5c789f3f-14be-4fa8-8bf2-794c0052aa93,
2021-11-25 01:14:12.000,,2021-11-25 01:19:56.499,2021-11-25 01:19:56.379,1.0,UTC+0900,MN1BiSH8rg,com.sec.android.app.shealth,2021-11-25 01:14:32.000,a747eeb8-c378-4c21-b6cf-0d65a48958ff,
2021-11-02 05:06:15.000,,2021-11-02 05:24:46.433,2021-11-02 05:06:43.186,1.0,UTC+0900,MN1BiSH8rg,com.sec.android.app.shealth,2021-11-02 05:06:50.000,ae108935-3b6f-4f0e-85cc-e9d7c8f78095,
2021-11-25 03:32:13.000,,2021-11-25 03:34:03.185,2021-11-25 03:33:37.634,3.0,UTC+0900,MN1BiSH8rg,com.sec.android.app.shealth,2021-11-25 03:33:42.000,8114c0d4-e1b6-4662-963c-97142be79c7a,
2021-11-25 06:14:46.000,,2021-11-25 06:15:07.944,2021-11-25 06:15:07.756,1.0,UTC+0900,MN1BiSH8rg,com.sec.android.app.shealth,2021-11-25 06:15:05.000,9ab941e1-6526-4126-a0c2-748295701e60,
2021-11-26 04:34:21.000,,2021-11-26 04:38:30.601,2021-11-26 04:38:30.493,1.0,UTC+0900,MN1BiSH8rg,com.sec.android.app.shealth,2021-11-26 04:34:42.000,375fec13-e35b-49c6-ab3e-3f1ab3c1b44f,
2021-11-26 22:37:06.000,,2021-11-26 22:53:45.290,2021-11-26 22:53:44.838,3.0,UTC+0900,MN1BiSH8rg,com.sec.android.app.shealth,2021-11-26 22:38:07.000,5c717326-bafa-4e07-b317-f596feb3cfe0,
2021-11-27 03:44:44.000,,2021-11-27 03:46:03.409,2021-11-27 03:46:02.998,1.0,UTC+0900,MN1BiSH8rg,com.sec.android.app.shealth,2021-11-27 03:45:06.000,c1e17af0-f381-446d-b166-692ed2bc3514,
2021-11-27 06:13:52.000,,2021-11-27 06:16:12.787,2021-11-27 06:16:12.629,1.0,UTC+0900,MN1BiSH8rg,com.sec.android.app.shealth,2021-11-27 06:14:01.000,dfd0e83a-e9c9-4769-8f01-d61e28cdb550,
2021-11-29 03:36:57.000,,2021-11-29 03:38:20.310,2021-11-29 03:38:20.163,1.0,UTC+0900,MN1BiSH8rg,com.sec.android.app.shealth,2021-11-29 03:37:34.000,a410d535-8071-4c1a-a1ea-4fdeecb33759,
2021-11-29 03:52:07.000,,2021-11-29 04:05:56.022,2021-11-29 04:05:55.797,2.0,UTC+0900,MN1BiSH8rg,com.sec.android.app.shealth,2021-11-29 03:53:09.000,699b4d36-d2d0-4731-9293-57c161cf3f05,
2021-12-01 03:31:38.000,,2021-12-01 03:39:09.682,2021-12-01 03:39:09.156,2.0,UTC+0900,MN1BiSH8rg,com.sec.android.app.shealth,2021-12-01 03:33:10.000,1f5f1bac-19f2-46b5-aeb9-53727433b1d4,
2021-12-02 01:00:21.000,,2021-12-02 01:03:36.050,2021-12-02 01:03:35.796,1.0,UTC+0900,MN1BiSH8rg,com.sec.android.app.shealth,2021-12-02 01:01:05.000,96208f93-dd2c-4f29-b1d3-ce850fe92543,
2021-12-02 03:24:43.000,,2021-12-02 03:34:44.306,2021-12-02 03:34:44.207,1.0,UTC+0900,MN1BiSH8rg,com.sec.android.app.shealth,2021-12-02 03:25:20.000,74581122-cd12-495e-9998-48028b7b49e4,
2021-12-03 03:26:25.000,,2021-12-03 03:28:45.439,2021-12-03 03:28:44.825,2.0,UTC+0900,MN1BiSH8rg,com.sec.android.app.shealth,2021-12-03 03:26:52.000,acb5ecd3-2527-4ac6-bb28-1d2a6192e971,
2021-12-04 04:29:20.000,,2021-12-04 04:39:20.856,2021-12-04 04:39:19.915,1.0,UTC+0900,MN1BiSH8rg,com.sec.android.app.shealth,2021-12-04 04:30:02.000,7b0e9e9f-f84f-47f2-9a56-9d8770093fa8,
2021-12-06 03:37:16.000,,2021-12-06 03:42:54.655,2021-12-06 03:42:54.520,7.0,UTC+0900,MN1BiSH8rg,com.sec.android.app.shealth,2021-12-06 03:39:46.000,408fac3f-1de5-4f85-b3bf-5235bcdb0f69,
2021-12-07 00:59:10.999,,2021-12-07 01:06:20.395,2021-12-07 01:06:20.395,1.0,UTC+0900,MN1BiSH8rg,com.sec.android.app.shealth,2021-12-07 00:59:27.999,301d38c3-d645-4c41-9f29-3d9fd97b7315,
2021-11-03 03:17:39.000,,2021-11-03 03:23:03.612,2021-11-03 03:23:03.253,1.0,UTC+0900,MN1BiSH8rg,com.sec.android.app.shealth,2021-11-03 03:18:18.000,fabfe45b-b519-4fab-83c0-b5c9d0ac351f,
2021-12-08 03:13:22.000,,2021-12-08 03:15:33.661,2021-12-08 03:15:33.661,1.0,UTC+0900,MN1BiSH8rg,com.sec.android.app.shealth,2021-12-08 03:13:37.000,9e37a363-2938-4185-9892-bd85552e3f62,
2021-11-03 03:34:28.000,,2021-11-03 03:40:12.001,2021-11-03 03:40:11.125,1.0,UTC+0900,MN1BiSH8rg,com.sec.android.app.shealth,2021-11-03 03:35:09.000,570b9939-a260-46f5-9991-3e00d7423af8,
2021-12-09 00:11:16.000,,2021-12-09 00:14:23.115,2021-12-09 00:14:23.115,1.0,UTC+0900,MN1BiSH8rg,com.sec.android.app.shealth,2021-12-09 00:11:31.000,20038918-521b-4dee-998a-6ad9da0447cb,
2021-11-04 03:21:49.000,,2021-11-04 03:24:30.878,2021-11-04 03:24:30.619,1.0,UTC+0900,MN1BiSH8rg,com.sec.android.app.shealth,2021-11-04 03:22:26.000,0873a46e-ac9d-4bf6-8df7-fcc54946cb12,
2021-12-09 03:09:07.000,,2021-12-09 03:16:20.474,2021-12-09 03:16:05.643,4.0,UTC+0900,MN1BiSH8rg,com.sec.android.app.shealth,2021-12-09 03:11:04.000,956e6df1-1e07-4294-9901-3fd493b59fee,
2021-12-10 03:15:45.000,,2021-12-10 03:18:38.682,2021-12-10 03:18:38.682,1.0,UTC+0900,MN1BiSH8rg,com.sec.android.app.shealth,2021-12-10 03:16:00.000,40aede2b-d29b-4e60-894f-ac1364793991,
2021-11-04 04:13:04.000,,2021-11-04 04:46:13.237,2021-11-04 04:46:13.017,1.0,UTC+0900,MN1BiSH8rg,com.sec.android.app.shealth,2021-11-04 04:13:41.000,55befe5a-3336-4967-8bba-59bc78953da3,
2021-12-11 07:06:38.000,,2021-12-11 07:06:47.709,2021-12-11 07:06:47.709,1.0,UTC+0900,MN1BiSH8rg,com.sec.android.app.shealth,2021-12-11 07:06:46.000,a57fca06-5dc6-426e-af22-c4f029ac0116,
2021-11-05 03:15:09.000,,2021-11-05 03:15:41.823,2021-11-05 03:15:41.645,1.0,UTC+0900,MN1BiSH8rg,com.sec.android.app.shealth,2021-11-05 03:15:43.000,546025f9-cf53-469a-8136-1d6271241aa1,
2021-12-14 03:50:59.000,,2021-12-14 03:52:34.167,2021-12-14 03:52:34.167,1.0,UTC+0900,MN1BiSH8rg,com.sec.android.app.shealth,2021-12-14 03:51:27.000,82896bcf-28b0-4502-88cf-8e7dd13d6220,
2021-11-05 07:35:53.000,,2021-11-05 07:43:04.845,2021-11-05 07:43:04.453,1.0,UTC+0900,MN1BiSH8rg,com.sec.android.app.shealth,2021-11-05 07:36:11.000,252fcf1a-5b49-4e72-9e14-1ab38bc87759,
2021-12-15 01:15:31.001,,2021-12-15 01:20:43.375,2021-12-15 01:20:43.375,1.0,UTC+0900,MN1BiSH8rg,com.sec.android.app.shealth,2021-12-15 01:15:46.001,afba38fa-f225-4914-985d-f6c9d195d78f,
2021-12-17 01:05:56.001,,2021-12-17 01:11:23.287,2021-12-17 01:11:23.287,1.0,UTC+0900,MN1BiSH8rg,com.sec.android.app.shealth,2021-12-17 01:06:07.001,3555318d-d23b-4ca5-8417-dda8d0505438,
2021-11-08 23:58:59.000,,2021-11-09 00:40:37.801,2021-11-09 00:40:37.445,1.0,UTC+0900,MN1BiSH8rg,com.sec.android.app.shealth,2021-11-08 23:59:26.000,7142892f-9372-4a5d-93e1-277e9c275a82,
2021-10-12 00:33:26.000,,2021-10-12 00:39:50.808,2021-10-12 00:39:50.640,1.0,UTC+0900,MN1BiSH8rg,com.sec.android.app.shealth,2021-10-12 00:33:47.000,9f5a4519-3f20-4ff1-9f44-71fd1256734a,
2021-11-09 22:15:54.000,,2021-11-09 22:20:49.220,2021-11-09 22:20:47.100,3.0,UTC+0900,MN1BiSH8rg,com.sec.android.app.shealth,2021-11-09 22:17:15.000,01fb561e-393a-49e3-b51d-35f7b42414ee,
2021-10-13 00:09:51.000,,2021-10-13 00:12:24.730,2021-10-13 00:12:24.513,3.0,UTC+0900,MN1BiSH8rg,com.sec.android.app.shealth,2021-10-13 00:11:00.000,9eb53005-e049-4808-a15b-c8d95574b78d,
2021-10-13 22:19:02.000,,2021-10-13 22:20:57.697,2021-10-13 22:20:57.453,3.0,UTC+0900,MN1BiSH8rg,com.sec.android.app.shealth,2021-10-13 22:20:09.000,8da6b847-5ade-429a-b2a3-2c80c31058cf,
2021-11-11 00:51:25.000,,2021-11-11 02:01:18.990,2021-11-11 00:51:37.043,1.0,UTC+0900,MN1BiSH8rg,com.sec.android.app.shealth,2021-11-11 00:51:44.000,49946396-db97-425a-b2ba-20c8f874adbd,
2021-10-14 23:26:00.000,,2021-10-15 00:21:03.188,2021-10-15 00:21:03.042,1.0,UTC+0900,MN1BiSH8rg,com.sec.android.app.shealth,2021-10-14 23:26:20.000,23425c62-1cc8-4259-a743-858e912bdce0,
2021-11-12 05:14:26.000,,2021-11-12 05:34:29.458,2021-11-12 05:34:28.664,1.0,UTC+0900,MN1BiSH8rg,com.sec.android.app.shealth,2021-11-12 05:14:55.000,e732cfda-1529-46f8-803f-0bd3c50b1c9d,
2021-10-15 01:59:38.000,,2021-10-15 02:00:43.510,2021-10-15 02:00:43.357,1.0,UTC+0900,MN1BiSH8rg,com.sec.android.app.shealth,2021-10-15 02:00:02.000,aba0e4a5-a4cd-470d-b60c-eab1c6e6ebf5,
2021-11-14 22:41:29.000,,2021-11-14 22:52:47.228,2021-11-14 22:52:46.912,1.0,UTC+0900,MN1BiSH8rg,com.sec.android.app.shealth,2021-11-14 22:42:08.000,026d5fbe-38e4-4e9b-b7d2-8a06e91b6248,
2021-10-17 22:35:16.000,,2021-10-17 23:29:00.894,2021-10-17 23:29:00.436,1.0,UTC+0900,MN1BiSH8rg,com.sec.android.app.shealth,2021-10-17 22:35:33.000,dfbdf00e-4ecb-48db-a03a-4aaf2fdd1ff1,
2021-10-18 05:23:59.000,,2021-10-18 07:24:39.443,2021-10-18 07:24:38.009,3.0,UTC+0900,MN1BiSH8rg,com.sec.android.app.shealth,2021-10-18 05:24:57.000,e5adf8cc-b032-47a3-b017-000c63a9de55,
2021-11-15 03:15:59.000,,2021-11-15 03:19:41.989,2021-11-15 03:19:40.431,2.0,UTC+0900,MN1BiSH8rg,com.sec.android.app.shealth,2021-11-15 03:17:06.000,b6a8f99f-3d16-43d2-9b1a-78839dc032f3,
2021-10-19 05:30:31.000,,2021-10-19 07:01:57.121,2021-10-19 07:01:55.951,3.0,UTC+0900,MN1BiSH8rg,com.sec.android.app.shealth,2021-10-19 05:31:34.000,5a397d51-ebf3-4cec-a0a0-151576c1bfaa,
2021-11-15 03:38:29.000,,2021-11-15 03:59:52.703,2021-11-15 03:39:06.567,1.0,UTC+0900,MN1BiSH8rg,com.sec.android.app.shealth,2021-11-15 03:39:16.000,e51ad9f9-a479-4c35-a1f4-b6315bea21ea,
2021-10-19 23:12:06.000,,2021-10-19 23:28:48.709,2021-10-19 23:28:48.618,1.0,UTC+0900,MN1BiSH8rg,com.sec.android.app.shealth,2021-10-19 23:12:37.000,dfcc3868-43e5-497f-a81b-3c2c9e0fc653,
2021-10-20 05:51:24.000,,2021-10-20 05:52:40.866,2021-10-20 05:52:40.568,1.0,UTC+0900,MN1BiSH8rg,com.sec.android.app.shealth,2021-10-20 05:51:52.000,60ee9e3e-add8-4bd9-b80b-16131da1b172,
2021-11-16 03:37:19.000,,2021-11-16 03:51:24.404,2021-11-16 03:51:22.534,3.0,UTC+0900,MN1BiSH8rg,com.sec.android.app.shealth,2021-11-16 03:38:26.000,6dc53335-9633-4b3a-a318-68d814b9e7c0,
2021-10-20 23:22:37.000,,2021-10-20 23:23:26.518,2021-10-20 23:23:25.859,1.0,UTC+0900,MN1BiSH8rg,com.sec.android.app.shealth,2021-10-20 23:23:10.000,93f3078c-5dc9-4c66-9227-23cc255994a8,
2021-10-21 05:42:02.000,,2021-10-21 06:39:28.209,2021-10-21 06:39:28.068,1.0,UTC+0900,MN1BiSH8rg,com.sec.android.app.shealth,2021-10-21 05:42:26.000,c4fe1dd9-00f9-4871-8c3a-586e728c926f,
2021-11-17 01:52:33.000,,2021-11-17 02:23:57.369,2021-11-17 02:23:57.110,2.0,UTC+0900,MN1BiSH8rg,com.sec.android.app.shealth,2021-11-17 01:53:22.000,17809044-c037-4142-97a9-dcc986a49c73,
2021-10-22 04:17:07.000,,2021-10-22 05:22:47.086,2021-10-22 05:22:45.805,1.0,UTC+0900,MN1BiSH8rg,com.sec.android.app.shealth,2021-10-22 04:17:38.000,01a60c1a-55cf-43fa-b5a0-3b0ea7a35d4b,
2021-11-18 22:19:11.000,,2021-11-18 22:30:56.970,2021-11-18 22:30:55.326,3.0,UTC+0900,MN1BiSH8rg,com.sec.android.app.shealth,2021-11-18 22:20:20.000,b6c50251-b207-4dc5-80e9-0d9e3a7d1606,
2021-10-24 21:05:02.000,,2021-10-24 21:50:58.575,2021-10-24 21:50:58.231,1.0,UTC+0900,MN1BiSH8rg,com.sec.android.app.shealth,2021-10-24 21:05:22.000,09c50734-052a-40ee-b477-71cde20e546f,
2021-10-25 07:46:35.000,,2021-10-25 07:53:12.052,2021-10-25 07:53:11.731,2.0,UTC+0900,MN1BiSH8rg,com.sec.android.app.shealth,2021-10-25 07:47:15.000,ed0280bc-95d4-4e5a-9b53-bfd499b82eaf,
2021-10-26 06:30:15.000,,2021-10-26 07:13:10.925,2021-10-26 07:13:10.645,1.0,UTC+0900,MN1BiSH8rg,com.sec.android.app.shealth,2021-10-26 06:30:39.000,0bbec177-1e89-4302-8ba2-fb77e347d4de,
2021-10-27 22:17:44.000,,2021-10-27 22:25:12.103,2021-10-27 22:25:10.322,2.0,UTC+0900,MN1BiSH8rg,com.sec.android.app.shealth,2021-10-27 22:19:23.000,559a0b60-12ba-4fc9-a333-1d02ab1e51c2,
2021-10-28 07:34:15.000,,2021-10-28 09:50:46.810,2021-10-28 09:50:46.810,1.0,UTC+0900,MN1BiSH8rg,com.sec.android.app.shealth,2021-10-28 07:34:42.000,9df4efde-36a5-4b5f-8d30-31c089bb6506,
2021-11-19 03:17:47.000,,2021-11-19 03:27:07.018,2021-11-19 03:27:03.884,3.0,UTC+0900,MN1BiSH8rg,com.sec.android.app.shealth,2021-11-19 03:19:40.000,74f0583c-634e-4c8a-84e6-a4e251277db3,
2021-11-19 03:33:14.000,,2021-11-19 03:34:54.307,2021-11-19 03:34:54.224,1.0,UTC+0900,MN1BiSH8rg,com.sec.android.app.shealth,2021-11-19 03:33:52.000,7f598b7c-f1c6-4aed-b02f-fc4410670b24,
2021-10-29 03:36:34.000,,2021-10-29 03:48:15.649,2021-10-29 03:46:44.889,2.0,UTC+0900,MN1BiSH8rg,com.sec.android.app.shealth,2021-10-29 03:37:27.000,ed225c84-1c43-4e44-8daf-0f97c9095401,
2021-11-22 04:03:34.000,,2021-11-22 04:17:23.807,2021-11-22 04:17:22.861,1.0,UTC+0900,MN1BiSH8rg,com.sec.android.app.shealth,2021-11-22 04:04:06.000,d7861b39-252c-439e-9452-c7c4480aee24,
2021-10-29 03:47:03.000,,2021-10-29 04:02:02.225,2021-10-29 04:02:01.996,1.0,UTC+0900,MN1BiSH8rg,com.sec.android.app.shealth,2021-10-29 03:47:28.000,12a354f9-885f-4c92-925a-51065d9bd8cf,
2021-11-23 01:18:24.000,,2021-11-23 01:28:23.671,2021-11-23 01:28:22.030,3.0,UTC+0900,MN1BiSH8rg,com.sec.android.app.shealth,2021-11-23 01:20:31.000,dab46ec2-d5b4-42fe-8079-e5fcb6ab4a6a,
2021-10-30 00:09:05.000,,2021-10-30 00:10:52.662,2021-10-30 00:10:52.486,2.0,UTC+0900,MN1BiSH8rg,com.sec.android.app.shealth,2021-10-30 00:10:00.000,d2617511-778f-4a23-a8ef-d1b84609f488,
2021-10-30 01:14:34.000,,2021-10-30 01:18:14.297,2021-10-30 01:18:13.846,1.0,UTC+0900,MN1BiSH8rg,com.sec.android.app.shealth,2021-10-30 01:15:13.000,fa582c38-52f3-47d3-9dd8-5c3eefcf4064,
2021-11-24 03:13:52.000,,2021-11-24 03:14:36.968,2021-11-24 03:14:35.436,1.0,UTC+0900,MN1BiSH8rg,com.sec.android.app.shealth,2021-11-24 03:14:24.000,13fb1a53-16d7-4c10-bb8e-c8a811f35355,
2021-11-01 03:08:41.000,,2021-11-01 03:22:30.666,2021-11-01 03:22:30.666,1.0,UTC+0900,MN1BiSH8rg,com.sec.android.app.shealth,2021-11-01 03:09:09.000,2bbe309c-9c11-4018-9b22-83385bc5ed41,
2021-11-01 05:57:01.000,,2021-11-01 06:40:31.780,2021-11-01 06:40:31.429,2.0,UTC+0900,MN1BiSH8rg,com.sec.android.app.shealth,2021-11-01 05:57:41.000,e980eabc-cfd6-4231-aacd-a67a421ab257,
2021-11-24 03:26:06.000,,2021-11-24 03:38:11.706,2021-11-24 03:29:31.529,4.0,UTC+0900,MN1BiSH8rg,com.sec.android.app.shealth,2021-11-24 03:27:36.000,a05b076a-5c81-4ec2-8100-c95da172f158,
2021-11-02 03:04:09.000,,2021-11-02 03:08:11.618,2021-11-02 03:08:11.618,1.0,UTC+0900,MN1BiSH8rg,com.sec.android.app.shealth,2021-11-02 03:04:37.000,be0b5495-ebbe-45de-90ea-8d41eb05ae96,
2021-11-25 03:22:39.000,,2021-11-25 03:24:40.730,2021-11-25 03:24:40.730,1.0,UTC+0900,MN1BiSH8rg,com.sec.android.app.shealth,2021-11-25 03:23:07.000,ecc0c2c5-72f6-40a0-ad92-911ca1d4ac8d,
2021-11-02 05:07:05.000,,2021-11-02 05:24:47.232,2021-11-02 05:24:46.704,2.0,UTC+0900,MN1BiSH8rg,com.sec.android.app.shealth,2021-11-02 05:07:43.000,484a074d-8cfb-456f-9d69-d936871587ef,
2021-11-25 05:35:15.000,,2021-11-25 05:39:50.844,2021-11-25 05:39:50.650,1.0,UTC+0900,MN1BiSH8rg,com.sec.android.app.shealth,2021-11-25 05:35:35.000,27fb6887-e7f8-4c4f-9b28-67d8af997d9f,
2021-11-03 03:18:34.000,,2021-11-03 03:23:04.019,2021-11-03 03:23:03.814,1.0,UTC+0900,MN1BiSH8rg,com.sec.android.app.shealth,2021-11-03 03:19:09.000,b1909b17-1ca7-4d6c-b253-f8fbe75866b8,
2021-11-03 04:13:57.000,,2021-11-03 04:15:59.739,2021-11-03 04:15:59.563,1.0,UTC+0900,MN1BiSH8rg,com.sec.android.app.shealth,2021-11-03 04:14:42.000,ad2393a3-1394-4094-a274-b5c3569a9a5b,
2021-11-25 22:12:47.000,,2021-11-25 22:18:01.313,2021-11-25 22:18:01.147,1.0,UTC+0900,MN1BiSH8rg,com.sec.android.app.shealth,2021-11-25 22:13:21.000,cf802e29-673e-4aa9-8f46-a066e4b5bcbf,
2021-11-04 03:25:45.000,,2021-11-04 03:37:46.281,2021-11-04 03:37:26.850,7.0,UTC+0900,MN1BiSH8rg,com.sec.android.app.shealth,2021-11-04 03:28:37.000,f41a395c-e4f4-4255-9166-ca11c808e40e,
2021-11-26 05:32:30.000,,2021-11-26 05:33:31.165,2021-11-26 05:33:31.046,1.0,UTC+0900,MN1BiSH8rg,com.sec.android.app.shealth,2021-11-26 05:33:09.000,394c435f-f388-4483-a4e5-bd32208ae30a,
2021-11-04 06:28:13.000,,2021-11-04 07:27:15.947,2021-11-04 07:27:14.848,2.0,UTC+0900,MN1BiSH8rg,com.sec.android.app.shealth,2021-11-04 06:28:52.000,653cc9d6-eaf3-4be0-9791-336e4c140d4d,
2021-11-26 23:02:42.000,,2021-11-26 23:08:26.875,2021-11-26 23:08:26.590,3.0,UTC+0900,MN1BiSH8rg,com.sec.android.app.shealth,2021-11-26 23:03:45.000,1acad113-ff6f-4441-8beb-b2b8474aab1d,
2021-11-05 03:16:03.000,,2021-11-05 03:24:41.915,2021-11-05 03:24:41.195,1.0,UTC+0900,MN1BiSH8rg,com.sec.android.app.shealth,2021-11-05 03:16:52.000,2182f35d-5138-4be8-abce-5055f58aff90,
2021-11-05 07:41:49.000,,2021-11-05 07:43:05.298,2021-11-05 07:43:04.958,1.0,UTC+0900,MN1BiSH8rg,com.sec.android.app.shealth,2021-11-05 07:42:28.000,20a179a2-1002-4941-9d11-8d3feab37023,
2021-11-27 05:00:39.000,,2021-11-27 05:02:24.566,2021-11-27 05:02:24.485,1.0,UTC+0900,MN1BiSH8rg,com.sec.android.app.shealth,2021-11-27 05:01:24.000,e0d8cee5-ea75-4a24-8721-6a041a8eaf99,
2021-11-09 02:55:32.000,,2021-11-09 03:34:20.134,2021-11-09 03:34:20.075,1.0,UTC+0900,MN1BiSH8rg,com.sec.android.app.shealth,2021-11-09 02:55:41.000,90f69262-ac07-4eba-8eab-ac2bef3b1704,
2021-11-27 09:59:59.000,,2021-11-27 10:11:31.331,2021-11-27 10:11:31.074,1.0,UTC+0900,MN1BiSH8rg,com.sec.android.app.shealth,2021-11-27 10:00:37.000,bbdc38b4-28ee-43f4-9124-93537c57ecbf,
2021-11-10 05:17:45.000,,2021-11-10 07:05:39.743,2021-11-10 07:05:38.862,2.0,UTC+0900,MN1BiSH8rg,com.sec.android.app.shealth,2021-11-10 05:18:23.000,0b9673a1-949b-48d4-aee3-b8633aeb9dbc,
2021-11-11 03:40:43.000,,2021-11-11 03:59:35.030,2021-11-11 03:59:33.953,1.0,UTC+0900,MN1BiSH8rg,com.sec.android.app.shealth,2021-11-11 03:41:27.000,f294aa77-bfd7-4cf1-a70f-69773c926b14,
2021-11-29 03:37:41.000,,2021-11-29 03:38:20.706,2021-11-29 03:38:20.488,1.0,UTC+0900,MN1BiSH8rg,com.sec.android.app.shealth,2021-11-29 03:38:18.000,6f37d75f-c4e9-40ff-85a9-99b39c80d6ef,
2021-11-29 04:15:39.000,,2021-11-29 04:16:14.166,2021-11-29 04:16:14.037,1.0,UTC+0900,MN1BiSH8rg,com.sec.android.app.shealth,2021-11-29 04:16:04.000,eaded595-f002-4267-a8ad-0d2dc8eb469f,
2021-11-12 05:15:07.000,,2021-11-12 05:34:30.295,2021-11-12 05:34:29.704,1.0,UTC+0900,MN1BiSH8rg,com.sec.android.app.shealth,2021-11-12 05:15:36.000,7c0801b6-542d-447a-831a-58526be3d11f,
2021-11-15 00:33:01.000,,2021-11-15 02:14:44.162,2021-11-15 02:13:36.038,3.0,UTC+0900,MN1BiSH8rg,com.sec.android.app.shealth,2021-11-15 00:34:01.000,a16dcbd8-9f53-45b6-9af5-49900dfc14b0,
2021-12-01 03:33:41.000,,2021-12-01 03:39:10.153,2021-12-01 03:39:09.969,1.0,UTC+0900,MN1BiSH8rg,com.sec.android.app.shealth,2021-12-01 03:34:05.000,83b6ddbc-2461-4749-8d21-cef12310c656,
2021-11-15 03:17:16.000,,2021-11-15 03:19:42.523,2021-11-15 03:19:42.523,1.0,UTC+0900,MN1BiSH8rg,com.sec.android.app.shealth,2021-11-15 03:17:43.000,f4d0bd6f-bd63-492a-b377-0ee1a348e7f9,
2021-12-02 03:10:18.000,,2021-12-02 03:13:11.198,2021-12-02 03:13:11.198,1.0,UTC+0900,MN1BiSH8rg,com.sec.android.app.shealth,2021-12-02 03:10:41.000,bdcd12ab-21e7-46e2-a8b7-d314d59b7ade,
2021-11-15 03:40:21.000,,2021-11-15 03:59:54.972,2021-11-15 03:59:53.030,3.0,UTC+0900,MN1BiSH8rg,com.sec.android.app.shealth,2021-11-15 03:41:22.000,123219e0-fe03-4266-9815-ef1d6376c8e8,
2021-12-02 03:26:18.000,,2021-12-02 03:34:44.672,2021-12-02 03:34:44.383,3.0,UTC+0900,MN1BiSH8rg,com.sec.android.app.shealth,2021-12-02 03:27:26.000,58757f70-8024-45d5-8edf-81fbce1b8f3b,
2021-11-16 03:38:50.000,,2021-11-16 03:51:26.604,2021-11-16 03:51:24.736,6.0,UTC+0900,MN1BiSH8rg,com.sec.android.app.shealth,2021-11-16 03:43:01.000,375e4717-7e92-4cdb-a1f7-deea04e67e7f,
2021-11-17 03:14:13.000,,2021-11-17 03:14:59.612,2021-11-17 03:14:59.431,1.0,UTC+0900,MN1BiSH8rg,com.sec.android.app.shealth,2021-11-17 03:14:37.000,48c824f0-2c37-4170-bad5-89381f41153a,
2021-12-03 03:30:56.000,,2021-12-03 03:48:54.333,2021-12-03 03:48:54.205,1.0,UTC+0900,MN1BiSH8rg,com.sec.android.app.shealth,2021-12-03 03:31:37.000,aad8de71-5f50-4ecf-9ed4-cdf4d6ad780b,
2021-11-18 22:27:04.000,,2021-11-18 22:30:57.528,2021-11-18 22:30:57.371,1.0,UTC+0900,MN1BiSH8rg,com.sec.android.app.shealth,2021-11-18 22:27:41.000,af6961e9-b8d9-41f6-bd4b-a23ed0ad722c,
2021-12-05 22:13:54.000,,2021-12-05 22:19:16.260,2021-12-05 22:19:15.403,1.0,UTC+0900,MN1BiSH8rg,com.sec.android.app.shealth,2021-12-05 22:14:26.000,e8256e62-6712-45d8-8384-e109f1ec8319,
2021-11-19 03:19:59.000,,2021-11-19 03:27:07.416,2021-11-19 03:27:07.225,1.0,UTC+0900,MN1BiSH8rg,com.sec.android.app.shealth,2021-11-19 03:20:23.000,374c3691-0c2f-465a-a948-13cbadc19b70,
2021-11-19 06:17:25.000,,2021-11-19 06:29:22.004,2021-11-19 06:29:21.809,1.0,UTC+0900,MN1BiSH8rg,com.sec.android.app.shealth,2021-11-19 06:17:46.000,ec5baeb0-dc08-4eef-9736-0e60bf369d40,
2021-12-06 03:41:33.000,,2021-12-06 03:45:31.470,2021-12-06 03:42:54.667,4.0,UTC+0900,MN1BiSH8rg,com.sec.android.app.shealth,2021-12-06 03:44:00.000,80831272-2b78-4f31-b267-d7295626793e,
2021-11-22 04:07:57.000,,2021-11-22 04:17:24.262,2021-11-22 04:17:24.262,1.0,UTC+0900,MN1BiSH8rg,com.sec.android.app.shealth,2021-11-22 04:08:26.000,85d60b42-5695-464f-aa48-43d10070c9e4,
2021-12-07 02:49:13.000,,2021-12-07 03:00:46.622,2021-12-07 03:00:46.400,2.0,UTC+0900,MN1BiSH8rg,com.sec.android.app.shealth,2021-12-07 02:49:37.000,c7363579-4641-481d-beb1-c041f72f50b6,
2021-11-23 01:21:29.000,,2021-11-23 01:28:24.870,2021-11-23 01:28:24.376,3.0,UTC+0900,MN1BiSH8rg,com.sec.android.app.shealth,2021-11-23 01:22:43.000,b92a38aa-c147-412e-8cd8-ce7a5a487109,
2021-12-08 03:20:20.001,,2021-12-08 03:28:29.285,2021-12-08 03:28:29.102,1.0,UTC+0900,MN1BiSH8rg,com.sec.android.app.shealth,2021-12-08 03:21:06.999,aa052734-3af6-4817-b5e9-3b8433ea18a1,
2021-11-24 03:15:09.000,,2021-11-24 03:27:09.792,2021-11-24 03:27:09.792,1.0,UTC+0900,MN1BiSH8rg,com.sec.android.app.shealth,2021-11-24 03:15:29.000,81f19748-5fe2-41d1-8a08-989b719058be,
2021-11-24 03:28:52.000,,2021-11-24 03:38:12.272,2021-11-24 03:38:11.975,2.0,UTC+0900,MN1BiSH8rg,com.sec.android.app.shealth,2021-11-24 03:29:44.000,ac2dbde5-8c73-4f01-90eb-1d506b01baea,
2021-12-09 00:17:24.001,,2021-12-09 00:20:28.403,2021-12-09 00:20:28.403,1.0,UTC+0900,MN1BiSH8rg,com.sec.android.app.shealth,2021-12-09 00:17:42.001,b1981605-b287-40a0-825f-945970f1adb7,
2021-11-25 03:24:28.000,,2021-11-25 03:33:37.365,2021-11-25 03:33:02.840,1.0,UTC+0900,MN1BiSH8rg,com.sec.android.app.shealth,2021-11-25 03:25:00.000,9bebb39a-bc1c-4621-944f-f4a731787d14,
2021-12-09 03:16:04.001,,2021-12-09 03:24:19.966,2021-12-09 03:24:19.834,1.0,UTC+0900,MN1BiSH8rg,com.sec.android.app.shealth,2021-12-09 03:16:19.000,7491381c-4689-4e58-80c3-d07c808ee653,
2021-11-25 05:37:45.000,,2021-11-25 05:39:51.014,2021-11-25 05:39:50.943,1.0,UTC+0900,MN1BiSH8rg,com.sec.android.app.shealth,2021-11-25 05:38:05.000,e7e2b2be-8bd1-4347-b5fc-9e3475659bda,
2021-12-10 03:29:45.000,,2021-12-10 03:36:58.202,2021-12-10 03:36:57.723,1.0,UTC+0900,MN1BiSH8rg,com.sec.android.app.shealth,2021-12-10 03:30:10.000,7caa1f7b-7255-4eb4-878c-1d01bc81e9e8,
2021-11-25 22:16:19.000,,2021-11-25 22:18:01.898,2021-11-25 22:18:01.524,3.0,UTC+0900,MN1BiSH8rg,com.sec.android.app.shealth,2021-11-25 22:17:29.000,08519ad5-d7c1-4ac8-9f70-cc3dad066379,
2021-11-26 21:59:47.000,,2021-11-26 22:01:50.092,2021-11-26 22:01:49.934,1.0,UTC+0900,MN1BiSH8rg,com.sec.android.app.shealth,2021-11-26 22:00:36.000,caae8ce2-046f-41da-b2e9-0fb1dc9a6670,
2021-12-12 04:30:06.000,,2021-12-12 04:37:57.642,2021-12-12 04:37:57.460,1.0,UTC+0900,MN1BiSH8rg,com.sec.android.app.shealth,2021-12-12 04:30:38.001,fab8b071-a3d8-4085-8ef4-5ffd2e0c114d,
2021-11-27 00:44:01.000,,2021-11-27 00:46:44.236,2021-11-27 00:46:43.961,2.0,UTC+0900,MN1BiSH8rg,com.sec.android.app.shealth,2021-11-27 00:44:34.000,f880a7ce-ced6-4680-87a7-cb678d53dfa5,
2021-11-27 05:12:38.000,,2021-11-27 05:23:27.304,2021-11-27 05:23:26.954,3.0,UTC+0900,MN1BiSH8rg,com.sec.android.app.shealth,2021-11-27 05:14:05.000,c69ac15f-18d1-47ad-813c-b90fc58d2f35,
2021-11-27 10:03:23.000,,2021-11-27 10:11:31.484,2021-11-27 10:11:31.484,1.0,UTC+0900,MN1BiSH8rg,com.sec.android.app.shealth,2021-11-27 10:03:51.000,764660b0-0912-466a-a7da-e5716a8e907a,
2021-11-29 03:38:32.000,,2021-11-29 03:41:50.045,2021-11-29 03:41:48.801,4.0,UTC+0900,MN1BiSH8rg,com.sec.android.app.shealth,2021-11-29 03:39:54.000,778f0972-1933-44bd-8f9c-94765975c609,
2021-11-29 22:16:27.000,,2021-11-29 22:21:30.636,2021-11-29 22:21:30.391,1.0,UTC+0900,MN1BiSH8rg,com.sec.android.app.shealth,2021-11-29 22:16:58.000,b6403f1f-954e-4605-abba-18338365dd88,
2021-12-14 03:53:19.000,,2021-12-14 03:53:29.904,2021-12-14 03:53:29.904,1.0,UTC+0900,MN1BiSH8rg,com.sec.android.app.shealth,2021-12-14 03:53:29.000,afc9a1ce-8b21-452a-a6b2-bb5924a5fe31,
2021-12-01 03:34:25.000,,2021-12-01 03:39:10.391,2021-12-01 03:39:10.276,1.0,UTC+0900,MN1BiSH8rg,com.sec.android.app.shealth,2021-12-01 03:34:49.000,ed858c76-09da-453d-b201-7cfdcb9a231c,
2021-12-15 03:26:09.000,,2021-12-15 03:32:41.655,2021-12-15 03:32:40.517,3.0,UTC+0900,MN1BiSH8rg,com.sec.android.app.shealth,2021-12-15 03:27:08.999,cb190c94-5674-40da-9f97-00591d240d10,
2021-12-02 03:12:41.000,,2021-12-02 03:19:39.045,2021-12-02 03:13:11.697,1.0,UTC+0900,MN1BiSH8rg,com.sec.android.app.shealth,2021-12-02 03:13:13.000,094dacb5-2745-48d8-a6a1-b425e839c281,
2021-12-18 00:17:06.000,,2021-12-18 00:22:18.811,2021-12-18 00:22:18.811,1.0,UTC+0900,MN1BiSH8rg,com.sec.android.app.shealth,2021-12-18 00:17:26.000,4a8b22df-9940-4b06-8bf7-2ca12755d958,
2021-12-02 03:28:13.000,,2021-12-02 03:34:44.792,2021-12-02 03:34:44.720,2.0,UTC+0900,MN1BiSH8rg,com.sec.android.app.shealth,2021-12-02 03:29:12.000,8343a3b2-949d-424d-9f79-9c74a13e7247,
2021-12-03 03:32:35.000,,2021-12-03 03:48:54.588,2021-12-03 03:48:54.379,4.0,UTC+0900,MN1BiSH8rg,com.sec.android.app.shealth,2021-12-03 03:34:03.000,0bb1ef45-90f9-4e0b-9612-046a9b57b0d3,
2021-10-12 00:35:11.000,,2021-10-12 00:39:50.959,2021-10-12 00:39:50.857,1.0,UTC+0900,MN1BiSH8rg,com.sec.android.app.shealth,2021-10-12 00:35:30.000,45d30b37-b278-48eb-821f-5fcc0f2dfab0,
2021-12-05 22:17:17.000,,2021-12-05 22:19:17.027,2021-12-05 22:19:16.510,3.0,UTC+0900,MN1BiSH8rg,com.sec.android.app.shealth,2021-12-05 22:18:36.000,350178ab-c537-4a9b-b189-8c56fb98df0f,
2021-12-06 03:52:45.000,,2021-12-06 03:58:11.860,2021-12-06 03:58:11.707,1.0,UTC+0900,MN1BiSH8rg,com.sec.android.app.shealth,2021-12-06 03:53:15.000,a66b840c-bc42-42ab-b70e-2425543118ca,
2021-10-13 02:15:27.000,,2021-10-13 02:19:18.555,2021-10-13 02:19:18.390,1.0,UTC+0900,MN1BiSH8rg,com.sec.android.app.shealth,2021-10-13 02:16:00.000,dcfeb640-8bf1-4163-b758-fbc992d53d12,
2021-12-07 22:18:09.000,,2021-12-07 22:20:23.111,2021-12-07 22:20:22.772,3.0,UTC+0900,MN1BiSH8rg,com.sec.android.app.shealth,2021-12-07 22:19:22.000,a1b8c0b5-5db6-4a53-a2bb-576ffc12b8c2,
2021-12-08 06:13:43.000,,2021-12-08 06:18:28.401,2021-12-08 06:18:28.401,1.0,UTC+0900,MN1BiSH8rg,com.sec.android.app.shealth,2021-12-08 06:13:58.000,312ed2e5-c594-48df-b697-df2d76b19665,
2021-10-13 23:57:53.000,,2021-10-14 00:02:52.336,2021-10-14 00:02:52.236,1.0,UTC+0900,MN1BiSH8rg,com.sec.android.app.shealth,2021-10-13 23:58:10.000,fd123322-d1ef-4b68-b596-c33ddbcc4ebb,
2021-12-09 00:20:33.999,,2021-12-09 00:25:39.349,2021-12-09 00:25:39.349,1.0,UTC+0900,MN1BiSH8rg,com.sec.android.app.shealth,2021-12-09 00:20:50.999,bfd93726-ad8c-4134-9fb6-035c84b0a5f9,
2021-10-15 00:17:16.000,,2021-10-15 00:21:03.606,2021-10-15 00:21:03.387,1.0,UTC+0900,MN1BiSH8rg,com.sec.android.app.shealth,2021-10-15 00:17:36.000,368774cf-b9cd-48ec-a6bc-4e204f7debd1,
2021-12-09 04:07:03.999,,2021-12-09 04:21:49.004,2021-12-09 04:21:48.905,1.0,UTC+0900,MN1BiSH8rg,com.sec.android.app.shealth,2021-12-09 04:07:25.001,e8debd37-75d7-4640-8f32-44df6b14a0db,
2021-10-15 02:05:47.000,,2021-10-15 02:18:16.656,2021-10-15 02:18:16.469,1.0,UTC+0900,MN1BiSH8rg,com.sec.android.app.shealth,2021-10-15 02:06:11.000,ce35ebd8-c9a6-407d-a56b-7b92f96b2bfe,
2021-12-10 03:40:47.999,,2021-12-10 03:49:25.106,2021-12-10 03:41:16.328,2.0,UTC+0900,MN1BiSH8rg,com.sec.android.app.shealth,2021-12-10 03:41:22.999,ed6deece-b4a8-406a-9bb2-ec013147ab12,
2021-12-13 03:59:08.000,,2021-12-13 04:15:14.469,2021-12-13 04:15:13.743,4.0,UTC+0900,MN1BiSH8rg,com.sec.android.app.shealth,2021-12-13 04:00:46.000,1ec47094-94e7-41a2-927c-f8ad579fb68c,
2021-10-17 23:24:39.000,,2021-10-17 23:29:02.152,2021-10-17 23:29:01.198,2.0,UTC+0900,MN1BiSH8rg,com.sec.android.app.shealth,2021-10-17 23:25:18.000,cbca8d64-4763-4edb-a7ee-3ed3460ca9f8,
2021-12-14 03:56:12.001,,2021-12-14 03:57:03.199,2021-12-14 03:57:03.199,1.0,UTC+0900,MN1BiSH8rg,com.sec.android.app.shealth,2021-12-14 03:56:40.001,65199f37-40d7-41c4-a7fc-9774e8ecf895,
2021-10-18 06:03:36.000,,2021-10-18 07:24:39.849,2021-10-18 07:24:39.465,3.0,UTC+0900,MN1BiSH8rg,com.sec.android.app.shealth,2021-10-18 06:04:38.000,1df9b23b-7513-4a8d-aaad-6f12374653a9,
2021-12-15 07:39:06.000,,2021-12-15 07:41:45.444,2021-12-15 07:41:45.444,1.0,UTC+0900,MN1BiSH8rg,com.sec.android.app.shealth,2021-12-15 07:39:35.000,c15cc461-780d-44e3-a5f9-2ef04eb86e4e,
2021-12-18 00:31:26.000,,2021-12-18 00:37:35.580,2021-12-18 00:37:35.311,4.0,UTC+0900,MN1BiSH8rg,com.sec.android.app.shealth,2021-12-18 00:32:29.000,f3108418-d08f-4c38-9e79-715469ab459f,
2021-10-19 06:25:38.000,,2021-10-19 07:01:57.567,2021-10-19 07:01:57.342,2.0,UTC+0900,MN1BiSH8rg,com.sec.android.app.shealth,2021-10-19 06:26:20.000,b83dd8fc-2a5d-4715-94ef-413241717593,
2021-10-20 00:06:09.000,,2021-10-20 00:22:25.288,2021-10-20 00:22:24.830,1.0,UTC+0900,MN1BiSH8rg,com.sec.android.app.shealth,2021-10-20 00:06:30.000,b520f9d3-8739-43bc-9fbf-7668796677df,
2021-10-20 07:57:46.000,,2021-10-20 08:32:03.083,2021-10-20 08:32:02.925,1.0,UTC+0900,MN1BiSH8rg,com.sec.android.app.shealth,2021-10-20 07:57:55.000,77eca51e-b18a-4ca8-99a8-377158e84b6d,
2021-10-20 23:34:13.000,,2021-10-20 23:37:53.676,2021-10-20 23:37:53.263,1.0,UTC+0900,MN1BiSH8rg,com.sec.android.app.shealth,2021-10-20 23:34:45.000,dbbc4da3-744e-4d93-93cf-b2cc26726789,
2021-10-21 06:10:15.000,,2021-10-21 06:39:28.406,2021-10-21 06:39:28.309,1.0,UTC+0900,MN1BiSH8rg,com.sec.android.app.shealth,2021-10-21 06:10:31.000,38352043-f500-4f53-ab8c-6b77752b0091,
2021-10-22 05:34:30.000,,2021-10-22 05:41:32.730,2021-10-22 05:41:32.144,2.0,UTC+0900,MN1BiSH8rg,com.sec.android.app.shealth,2021-10-22 05:35:14.000,705dcfc1-4ca2-43d5-94ed-5353ad418de4,
2021-10-24 22:16:13.000,,2021-10-24 22:23:28.925,2021-10-24 22:23:28.925,1.0,UTC+0900,MN1BiSH8rg,com.sec.android.app.shealth,2021-10-24 22:16:38.000,38ec4625-4bb7-493e-b3e1-86294fced2c3,
2021-10-25 22:16:46.000,,2021-10-25 22:25:52.270,2021-10-25 22:25:51.780,1.0,UTC+0900,MN1BiSH8rg,com.sec.android.app.shealth,2021-10-25 22:17:29.000,9885f59c-39eb-449d-a9d6-8158fb7b97ef,
2021-10-26 08:13:09.000,,2021-10-26 08:53:31.336,2021-10-26 08:53:30.820,2.0,UTC+0900,MN1BiSH8rg,com.sec.android.app.shealth,2021-10-26 08:13:24.000,73266b76-328f-4509-a35c-e576c07f7a51,
2021-10-27 23:25:14.000,,2021-10-28 00:46:39.819,2021-10-28 00:46:38.877,1.0,UTC+0900,MN1BiSH8rg,com.sec.android.app.shealth,2021-10-27 23:25:36.000,e6be38e9-7d57-4e39-a868-8ad33635fdfd,
2021-10-28 08:00:59.000,,2021-10-28 09:50:48.431,2021-10-28 09:50:47.609,1.0,UTC+0900,MN1BiSH8rg,com.sec.android.app.shealth,2021-10-28 08:01:22.000,aeb72bac-b5bc-4776-9187-6f5d8768ed46,
2021-10-29 03:39:41.000,,2021-10-29 03:48:15.691,2021-10-29 03:48:15.666,1.0,UTC+0900,MN1BiSH8rg,com.sec.android.app.shealth,2021-10-29 03:40:11.000,13fd5735-af7b-4f45-8fcb-5f806fee8b87,
2021-10-29 04:12:06.000,,2021-10-29 04:12:52.277,2021-10-29 04:12:50.991,1.0,UTC+0900,MN1BiSH8rg,com.sec.android.app.shealth,2021-10-29 04:12:20.000,0a6494cf-7a24-4378-af3c-6dc925a28fe5,
2021-10-30 00:35:28.000,,2021-10-30 00:38:12.289,2021-10-30 00:38:11.751,1.0,UTC+0900,MN1BiSH8rg,com.sec.android.app.shealth,2021-10-30 00:35:54.000,1f1c5163-2a2d-47c9-ab7d-b676cf60b61b,
2021-10-30 01:18:54.000,,2021-10-30 01:29:01.769,2021-10-30 01:28:58.780,4.0,UTC+0900,MN1BiSH8rg,com.sec.android.app.shealth,2021-10-30 01:20:19.000,861dc143-956c-4c52-b6d6-578f521a9c62,
2021-11-01 03:17:28.000,,2021-11-01 03:22:31.063,2021-11-01 03:22:30.835,1.0,UTC+0900,MN1BiSH8rg,com.sec.android.app.shealth,2021-11-01 03:17:57.000,d2c02650-71a5-4f57-afa2-7907a7ad06ff,
2021-11-01 06:27:38.000,,2021-11-01 06:40:31.900,2021-11-01 06:40:31.836,1.0,UTC+0900,MN1BiSH8rg,com.sec.android.app.shealth,2021-11-01 06:27:58.000,4bb8d536-1a44-4e27-919d-861bbab5dc26,
2021-11-02 03:09:10.000,,2021-11-02 03:25:43.268,2021-11-02 03:25:41.443,3.0,UTC+0900,MN1BiSH8rg,com.sec.android.app.shealth,2021-11-02 03:10:20.000,79fbb55f-00fd-43d5-8929-2872a80df742,
2021-11-02 22:17:02.000,,2021-11-02 22:19:49.501,2021-11-02 22:19:48.165,3.0,UTC+0900,MN1BiSH8rg,com.sec.android.app.shealth,2021-11-02 22:18:28.000,2803277c-d061-46e8-9802-2a0ba2300769,
2021-11-03 03:19:17.000,,2021-11-03 03:23:04.406,2021-11-03 03:23:04.211,1.0,UTC+0900,MN1BiSH8rg,com.sec.android.app.shealth,2021-11-03 03:19:46.000,61d85195-041d-4564-a1fd-552d0ccd301f,
2021-11-03 22:16:01.000,,2021-11-03 22:19:41.880,2021-11-03 22:19:40.878,1.0,UTC+0900,MN1BiSH8rg,com.sec.android.app.shealth,2021-11-03 22:16:43.000,f96f92fd-cb54-42a9-8e5b-9e26aaab678b,
2021-11-04 03:29:23.000,,2021-11-04 03:37:46.333,2021-11-04 03:37:46.299,1.0,UTC+0900,MN1BiSH8rg,com.sec.android.app.shealth,2021-11-04 03:29:50.000,f32e8f1e-be2f-4cf1-8a32-c365347e7a36,
2021-11-04 22:18:42.000,,2021-11-04 22:23:51.809,2021-11-04 22:23:49.853,3.0,UTC+0900,MN1BiSH8rg,com.sec.android.app.shealth,2021-11-04 22:19:57.000,5602433c-50cf-4b82-a7ff-ca16c22797f5,
2021-11-05 03:17:03.000,,2021-11-05 03:24:44.433,2021-11-05 03:24:43.260,1.0,UTC+0900,MN1BiSH8rg,com.sec.android.app.shealth,2021-11-05 03:17:42.000,c5e68e6c-9832-4918-bd56-73a458d5bfde,
2021-11-08 00:06:38.000,,2021-11-08 01:15:37.947,2021-11-08 01:15:37.547,1.0,UTC+0900,MN1BiSH8rg,com.sec.android.app.shealth,2021-11-08 00:06:57.000,c4f2ae0e-aee9-47c6-9f74-a0629e3ae0e1,
2021-11-09 04:51:18.000,,2021-11-09 05:30:08.207,2021-11-09 05:30:07.935,2.0,UTC+0900,MN1BiSH8rg,com.sec.android.app.shealth,2021-11-09 04:52:10.000,5ff186a9-77fd-444d-9eec-2c0ef4db6a09,
2021-11-10 06:54:46.000,,2021-11-10 07:05:40.126,2021-11-10 07:05:39.891,1.0,UTC+0900,MN1BiSH8rg,com.sec.android.app.shealth,2021-11-10 06:55:05.000,cf3d834d-4aa3-4c0c-bb24-a109a720406b,
2021-11-11 03:49:11.000,,2021-11-11 03:59:37.605,2021-11-11 03:59:35.904,2.0,UTC+0900,MN1BiSH8rg,com.sec.android.app.shealth,2021-11-11 03:50:04.000,74fc94cf-7edd-40ba-89fc-8155db90bcf0,
2021-11-12 05:19:50.000,,2021-11-12 05:34:30.676,2021-11-12 05:34:30.552,2.0,UTC+0900,MN1BiSH8rg,com.sec.android.app.shealth,2021-11-12 05:20:30.000,20333ca3-a200-476e-b530-cb4c8610a87d,
2021-11-15 01:00:10.000,,2021-11-15 02:14:44.201,2021-11-15 02:14:44.180,1.0,UTC+0900,MN1BiSH8rg,com.sec.android.app.shealth,2021-11-15 01:00:29.000,c4608465-e4d8-4db9-a31d-232702a52c91,
2021-11-15 03:18:44.000,,2021-11-15 03:19:42.862,2021-11-15 03:19:42.727,1.0,UTC+0900,MN1BiSH8rg,com.sec.android.app.shealth,2021-11-15 03:19:18.000,159f3285-c138-40cb-8b04-214deb38f9dd,
2021-11-15 03:41:27.000,,2021-11-15 03:59:55.065,2021-11-15 03:59:55.027,1.0,UTC+0900,MN1BiSH8rg,com.sec.android.app.shealth,2021-11-15 03:41:51.000,2fedfbc8-1b36-4796-a72a-a0d86ca8ad05,
2021-11-16 10:18:57.000,,2021-11-16 10:28:57.926,2021-11-16 10:28:57.587,1.0,UTC+0900,MN1BiSH8rg,com.sec.android.app.shealth,2021-11-16 10:19:10.000,53971a91-dd8a-4143-bdee-f38fdaa44b03,
2021-11-17 03:40:58.000,,2021-11-17 03:52:51.166,2021-11-17 03:42:26.771,2.0,UTC+0900,MN1BiSH8rg,com.sec.android.app.shealth,2021-11-17 03:42:33.000,ba7a3b8f-42b1-4373-9a67-4aace5e76df7,
2021-11-19 01:45:23.000,,2021-11-19 01:50:31.999,2021-11-19 01:50:31.793,1.0,UTC+0900,MN1BiSH8rg,com.sec.android.app.shealth,2021-11-19 01:45:57.000,164f0ec7-5136-4a80-b7ed-40f753f3e386,
2021-11-19 03:26:33.000,,2021-11-19 03:34:50.276,2021-11-19 03:27:07.449,1.0,UTC+0900,MN1BiSH8rg,com.sec.android.app.shealth,2021-11-19 03:27:09.000,b3f29532-4a31-40fe-8a98-b3b8b0044ae3,
2021-11-21 22:11:05.000,,2021-11-21 22:25:37.286,2021-11-21 22:25:36.045,2.0,UTC+0900,MN1BiSH8rg,com.sec.android.app.shealth,2021-11-21 22:12:18.000,590db6c7-24e3-4cf6-a6ee-8e62b076a211,
2021-11-22 08:25:37.000,,2021-11-22 08:36:30.584,2021-11-22 08:36:30.464,1.0,UTC+0900,MN1BiSH8rg,com.sec.android.app.shealth,2021-11-22 08:25:46.000,104457e7-6679-4676-a938-c30b9d057603,
2021-11-23 01:38:01.000,,2021-11-23 01:45:55.104,2021-11-23 01:45:54.253,2.0,UTC+0900,MN1BiSH8rg,com.sec.android.app.shealth,2021-11-23 01:39:00.000,fe104003-d4eb-4072-b206-928ca6ae150f,
2021-11-24 03:19:28.000,,2021-11-24 03:29:31.359,2021-11-24 03:27:52.446,2.0,UTC+0900,MN1BiSH8rg,com.sec.android.app.shealth,2021-11-24 03:20:41.000,3ddb3d57-3910-46f9-a01c-fdfa90e5b19d,
2021-11-24 22:17:48.000,,2021-11-24 22:20:10.485,2021-11-24 22:20:09.683,3.0,UTC+0900,MN1BiSH8rg,com.sec.android.app.shealth,2021-11-24 22:19:17.000,2b07ca0c-11be-4d69-bab0-771a1e7c735b,
2021-11-25 03:26:24.000,,2021-11-25 03:33:37.562,2021-11-25 03:33:37.476,5.0,UTC+0900,MN1BiSH8rg,com.sec.android.app.shealth,2021-11-25 03:28:04.000,2c1a1e29-acdf-4923-b2f3-e9e7fbafadc9,
2021-11-25 05:50:58.000,,2021-11-25 05:53:55.072,2021-11-25 05:53:54.841,1.0,UTC+0900,MN1BiSH8rg,com.sec.android.app.shealth,2021-11-25 05:51:16.000,b780600e-8f0f-47cd-9639-93374a3dfe29,
2021-11-26 00:47:02.000,,2021-11-26 00:54:03.944,2021-11-26 00:54:03.777,1.0,UTC+0900,MN1BiSH8rg,com.sec.android.app.shealth,2021-11-26 00:47:23.000,40739a8b-062a-4bd9-95fc-06b63966b002,
2021-11-26 22:03:23.000,,2021-11-26 22:08:20.628,2021-11-26 22:08:19.828,3.0,UTC+0900,MN1BiSH8rg,com.sec.android.app.shealth,2021-11-26 22:04:37.000,5c0c8472-d06b-41bf-a095-dbc44e591a8e,
2021-11-27 00:44:39.000,,2021-11-27 00:46:44.505,2021-11-27 00:46:44.325,1.0,UTC+0900,MN1BiSH8rg,com.sec.android.app.shealth,2021-11-27 00:44:56.000,a41bf6f5-c6d6-4fde-a3f9-77bd91f1c884,
2021-11-27 05:23:08.000,,2021-11-27 05:23:27.334,2021-11-27 05:23:27.334,1.0,UTC+0900,MN1BiSH8rg,com.sec.android.app.shealth,2021-11-27 05:23:23.000,1e7942c9-bba4-43ee-8699-7885c0208019,
2021-11-28 22:12:52.000,,2021-11-28 22:20:49.750,2021-11-28 22:20:49.499,1.0,UTC+0900,MN1BiSH8rg,com.sec.android.app.shealth,2021-11-28 22:13:31.000,6c929f46-9351-4ea2-a779-1e8bf06da8de,
2021-11-29 03:47:55.000,,2021-11-29 04:05:53.948,2021-11-29 04:05:53.740,1.0,UTC+0900,MN1BiSH8rg,com.sec.android.app.shealth,2021-11-29 03:48:41.000,d93d665d-5e30-4057-a7fe-14eee6625831,
2021-11-29 22:19:54.000,,2021-11-29 22:21:31.143,2021-11-29 22:21:30.745,3.0,UTC+0900,MN1BiSH8rg,com.sec.android.app.shealth,2021-11-29 22:21:06.000,c025caf7-acad-4588-a038-1f3994d166b6,
2021-12-01 22:12:46.000,,2021-12-01 22:13:36.796,2021-12-01 22:13:14.836,1.0,UTC+0900,MN1BiSH8rg,com.sec.android.app.shealth,2021-12-01 22:13:37.000,b5fdd61c-cfa6-4d03-bfc6-5c0f7414caff,
2021-12-02 03:14:27.000,,2021-12-02 03:19:39.388,2021-12-02 03:19:39.196,1.0,UTC+0900,MN1BiSH8rg,com.sec.android.app.shealth,2021-12-02 03:15:09.000,09cffbef-94e5-475a-b107-ed8ade038db3,
2021-12-02 22:18:01.000,,2021-12-02 22:22:25.084,2021-12-02 22:22:24.492,3.0,UTC+0900,MN1BiSH8rg,com.sec.android.app.shealth,2021-12-02 22:19:19.000,d207db7e-c3a0-4f7c-8868-cb63974b9a44,
2021-12-03 03:34:57.000,,2021-12-03 03:48:54.672,2021-12-03 03:48:54.610,2.0,UTC+0900,MN1BiSH8rg,com.sec.android.app.shealth,2021-12-03 03:35:55.000,59a809c0-e99c-4d6e-ba88-588a54a79e2c,
2021-12-05 22:37:26.000,,2021-12-05 22:41:17.651,2021-12-05 22:41:17.468,1.0,UTC+0900,MN1BiSH8rg,com.sec.android.app.shealth,2021-12-05 22:37:46.000,82472f62-9e97-4c79-86a1-39535d431722,
2021-12-06 04:18:23.000,,2021-12-06 04:19:26.330,2021-12-06 04:19:26.221,1.0,UTC+0900,MN1BiSH8rg,com.sec.android.app.shealth,2021-12-06 04:18:44.000,e8f83e82-5edf-4d93-8c84-01377a5ca71b,
2021-12-08 01:17:54.000,,2021-12-08 01:18:20.045,2021-12-08 01:18:20.045,1.0,UTC+0900,MN1BiSH8rg,com.sec.android.app.shealth,2021-12-08 01:18:19.000,716d5caf-e1b2-4bde-a79f-a0662dc53a1d,
2021-12-08 08:37:34.999,,2021-12-08 08:44:46.887,2021-12-08 08:44:46.709,1.0,UTC+0900,MN1BiSH8rg,com.sec.android.app.shealth,2021-12-08 08:37:55.000,e71a50df-7164-42d9-807d-1da2be683956,
2021-12-09 00:55:19.000,,2021-12-09 00:57:41.342,2021-12-09 00:57:41.342,1.0,UTC+0900,MN1BiSH8rg,com.sec.android.app.shealth,2021-12-09 00:55:32.000,e038ea68-c2ae-487f-8d6b-3306dcce6aa6,
2021-12-09 07:00:28.000,,2021-12-09 07:01:33.051,2021-12-09 07:01:33.051,1.0,UTC+0900,MN1BiSH8rg,com.sec.android.app.shealth,2021-12-09 07:00:42.000,5f8afd5e-ec10-4dd1-b28f-63c0839a3b25,
2021-12-10 09:44:13.000,,2021-12-10 09:45:49.569,2021-12-10 09:45:49.367,2.0,UTC+0900,MN1BiSH8rg,com.sec.android.app.shealth,2021-12-10 09:44:28.000,fdad9329-d2a4-4b87-a213-02bf9d75a831,
2021-12-13 06:57:54.999,,2021-12-13 07:13:40.253,2021-12-13 07:13:40.253,1.0,UTC+0900,MN1BiSH8rg,com.sec.android.app.shealth,2021-12-13 06:57:59.999,3b43470c-98b8-4cc6-955f-0dcb1e28eedf,
2021-12-14 03:57:57.000,,2021-12-14 03:59:12.263,2021-12-14 03:58:11.353,4.0,UTC+0900,MN1BiSH8rg,com.sec.android.app.shealth,2021-12-14 03:59:12.001,db5c4e96-d307-4c9a-81ac-3d94ae889778,
2021-12-15 22:16:36.000,,2021-12-15 22:19:16.275,2021-12-15 22:19:15.692,3.0,UTC+0900,MN1BiSH8rg,com.sec.android.app.shealth,2021-12-15 22:17:47.000,42e8b705-8767-4d52-84ad-c8fb0ba34d0b,
